,Player,Year,Position,Age,Height,Weight,Y1 GP,Y2 GP,Y3 GP,Y4 GP,Y5 GP,Y5 dGP
Ryan Suter 2011,Ryan Suter,2011,D,25.693,73,205,,76.0,82.0,82,70,-10.0
Ryan Suter 2012,Ryan Suter,2012,D,26.692,73,205,76.0,82.0,82.0,70,79,1.5
Ryan Suter 2017,Ryan Suter,2017,D,31.694,73,205,48.0,82.0,77.0,82,82,9.75
Ryan Suter 2018,Ryan Suter,2018,D,32.694,73,205,82.0,77.0,82.0,82,78,-2.75
Ryan Suter 2019,Ryan Suter,2019,D,33.693,73,205,77.0,82.0,82.0,78,82,2.25
Ryan Suter 2020,Ryan Suter,2020,D,34.692,73,205,82.0,82.0,78.0,82,81,0.0
Ryan Suter 2021,Ryan Suter,2021,D,35.694,73,205,82.0,78.0,82.0,81,82,1.25
Ryan Suter 2022,Ryan Suter,2022,D,36.694,73,205,78.0,82.0,81.0,82,82,1.25
Ryan Suter 2023,Ryan Suter,2023,D,37.693,73,205,82.0,81.0,82.0,82,82,0.25
Brent Burns 2017,Brent Burns,2017,D,31.566,77,230,30.0,69.0,82.0,82,82,16.25
Brent Burns 2018,Brent Burns,2018,D,32.565,77,230,69.0,82.0,82.0,82,82,3.25
Brent Burns 2019,Brent Burns,2019,D,33.564,77,230,82.0,82.0,82.0,82,82,0.0
Brent Burns 2020,Brent Burns,2020,D,34.564,77,230,82.0,82.0,82.0,82,82,0.0
Brent Burns 2021,Brent Burns,2021,D,35.566,77,230,82.0,82.0,82.0,82,82,0.0
Brent Burns 2022,Brent Burns,2022,D,36.565,77,230,82.0,82.0,82.0,82,82,0.0
Brent Burns 2023,Brent Burns,2023,D,37.564,77,230,82.0,82.0,82.0,82,82,0.0
Mark Giordano 2017,Mark Giordano,2017,D,32.997,72,205,47.0,64.0,61.0,82,81,17.5
Mark Giordano 2018,Mark Giordano,2018,D,33.997,72,205,64.0,61.0,82.0,81,82,10.0
Mark Giordano 2019,Mark Giordano,2019,D,34.996,72,205,61.0,82.0,81.0,82,78,1.5
Mark Giordano 2020,Mark Giordano,2020,D,35.996,72,205,82.0,81.0,82.0,78,70,-10.75
Mark Giordano 2021,Mark Giordano,2021,D,36.998,72,205,81.0,82.0,78.0,70,82,4.25
Mark Giordano 2022,Mark Giordano,2022,D,37.997,72,205,82.0,78.0,70.0,82,75,-3.0
Mark Giordano 2023,Mark Giordano,2023,D,38.996,72,205,78.0,70.0,82.0,75,78,1.75
Alex Goligoski 2017,Alex Goligoski,2017,D,31.174,71,173,47.0,81.0,81.0,82,82,9.25
Alex Goligoski 2018,Alex Goligoski,2018,D,32.173,71,173,81.0,81.0,82.0,82,78,-3.5
Alex Goligoski 2019,Alex Goligoski,2019,D,33.173,71,173,81.0,82.0,82.0,78,76,-4.75
Alex Goligoski 2020,Alex Goligoski,2020,D,34.172,71,173,82.0,82.0,78.0,76,82,2.5
Alex Goligoski 2021,Alex Goligoski,2021,D,35.174,71,173,82.0,78.0,76.0,82,82,2.5
Alex Goligoski 2022,Alex Goligoski,2022,D,36.173,71,173,78.0,76.0,82.0,82,72,-7.5
Alexander Edler 2011,Alexander Edler,2011,D,24.447,76,210,,75.0,80.0,76,51,-26.0
Jack Johnson 2017,Jack Johnson,2017,D,29.717,73,227,44.0,82.0,79.0,60,82,15.75
Jack Johnson 2018,Jack Johnson,2018,D,30.717,73,227,82.0,79.0,60.0,82,77,1.25
Jack Johnson 2019,Jack Johnson,2019,D,31.716,73,227,79.0,60.0,82.0,77,82,7.5
Jack Johnson 2020,Jack Johnson,2020,D,32.715,73,227,60.0,82.0,77.0,82,79,3.75
Marc Staal 2011,Marc Staal,2011,D,23.716,76,208,,80.0,82.0,82,77,-4.333333333333329
Marc Staal 2017,Marc Staal,2017,D,29.717,76,208,21.0,72.0,80.0,77,72,9.5
Marc Staal 2018,Marc Staal,2018,D,30.717,76,208,72.0,80.0,77.0,72,72,-3.25
Marc Staal 2019,Marc Staal,2019,D,31.716,76,208,80.0,77.0,72.0,72,79,3.75
Marc Staal 2020,Marc Staal,2020,D,32.715,76,208,77.0,72.0,72.0,79,61,-14.0
Marc Staal 2021,Marc Staal,2021,D,33.718,76,208,72.0,72.0,79.0,61,82,11.0
Marc Staal 2022,Marc Staal,2022,D,34.717,76,208,72.0,79.0,61.0,82,71,-2.5
Marc Staal 2023,Marc Staal,2023,D,35.716,76,208,79.0,61.0,82.0,71,82,8.75
Marc-Edouard Vlasic 2011,Marc-Edouard Vlasic,2011,D,23.508,73,205,,82.0,82.0,64,80,4.0
Marc-Edouard Vlasic 2012,Marc-Edouard Vlasic,2012,D,24.507,73,205,82.0,82.0,64.0,80,82,5.0
Marc-Edouard Vlasic 2017,Marc-Edouard Vlasic,2017,D,29.509,73,205,48.0,81.0,70.0,67,75,8.5
Marc-Edouard Vlasic 2018,Marc-Edouard Vlasic,2018,D,30.509,73,205,81.0,70.0,67.0,75,81,7.75
Marc-Edouard Vlasic 2019,Marc-Edouard Vlasic,2019,D,31.508,73,205,70.0,67.0,75.0,81,72,-1.25
Marc-Edouard Vlasic 2020,Marc-Edouard Vlasic,2020,D,32.507,73,205,67.0,75.0,81.0,72,82,8.25
Marc-Edouard Vlasic 2021,Marc-Edouard Vlasic,2021,D,33.509,73,205,75.0,81.0,72.0,82,74,-3.5
Marc-Edouard Vlasic 2022,Marc-Edouard Vlasic,2022,D,34.509,73,205,81.0,72.0,82.0,74,75,-2.25
Marc-Edouard Vlasic 2023,Marc-Edouard Vlasic,2023,D,35.508,73,205,72.0,82.0,74.0,75,78,2.25
Kris Letang 2011,Kris Letang,2011,D,23.439,72,201,,63.0,74.0,73,82,12.0
Kris Letang 2012,Kris Letang,2012,D,24.439,72,201,63.0,74.0,73.0,82,51,-22.0
Kris Letang 2021,Kris Letang,2021,D,33.441,72,201,41.0,79.0,65.0,71,80,16.0
Kris Letang 2022,Kris Letang,2022,D,34.44,72,201,79.0,65.0,71.0,80,78,4.25
Kris Letang 2023,Kris Letang,2023,D,35.44,72,201,65.0,71.0,80.0,78,64,-9.5
Anton Stralman 2017,Anton Stralman,2017,D,30.169,71,193,48.0,81.0,82.0,73,73,2.0
Anton Stralman 2018,Anton Stralman,2018,D,31.169,71,193,81.0,82.0,73.0,73,80,2.75
Jeff Petry 2020,Jeff Petry,2020,D,31.812,75,209,51.0,80.0,82.0,82,83,9.25
Jeff Petry 2021,Jeff Petry,2021,D,32.814,75,209,80.0,82.0,82.0,83,80,-1.75
Jeff Petry 2022,Jeff Petry,2022,D,33.813,75,209,82.0,82.0,83.0,80,68,-13.75
Jeff Petry 2023,Jeff Petry,2023,D,34.813,75,209,82.0,83.0,80.0,68,61,-17.25
Ian Cole 2018,Ian Cole,2018,D,28.609,73,225,46.0,74.0,70.0,81,67,-0.75
Ian Cole 2019,Ian Cole,2019,D,29.608,73,225,74.0,70.0,81.0,67,71,-2.0
Ian Cole 2020,Ian Cole,2020,D,30.607,73,225,70.0,81.0,67.0,71,76,3.75
Ian Cole 2021,Ian Cole,2021,D,31.609,73,225,81.0,67.0,71.0,76,79,5.25
Ian Cole 2022,Ian Cole,2022,D,32.609,73,225,67.0,71.0,76.0,79,75,1.75
Ian Cole 2023,Ian Cole,2023,D,33.608,73,225,71.0,76.0,79.0,75,78,2.75
Justin Braun 2017,Justin Braun,2017,D,29.641,74,205,41.0,82.0,70.0,80,81,12.75
Justin Braun 2018,Justin Braun,2018,D,30.64,74,205,82.0,70.0,80.0,81,81,2.75
Justin Braun 2019,Justin Braun,2019,D,31.639,74,205,70.0,80.0,81.0,81,78,0.0
Justin Braun 2020,Justin Braun,2020,D,32.639,74,205,80.0,81.0,81.0,78,73,-7.0
Justin Braun 2021,Justin Braun,2021,D,33.641,74,205,81.0,81.0,78.0,73,77,-1.25
Justin Braun 2022,Justin Braun,2022,D,34.64,74,205,81.0,78.0,73.0,77,69,-8.25
Justin Braun 2023,Justin Braun,2023,D,35.64,74,205,78.0,73.0,77.0,69,51,-23.25
Kevin Shattenkirk 2022,Kevin Shattenkirk,2022,D,32.672,72,212,46.0,73.0,82.0,80,82,11.75
Kevin Shattenkirk 2023,Kevin Shattenkirk,2023,D,33.671,72,212,73.0,82.0,80.0,82,75,-4.25
Brendan Smith 2017,Brendan Smith,2017,D,27.645,74,200,34.0,71.0,76.0,63,51,-10.0
Ryan McDonagh 2017,Ryan McDonagh,2017,D,27.303,73,215,47.0,77.0,71.0,73,77,10.0
Ryan McDonagh 2018,Ryan McDonagh,2018,D,28.302,73,215,77.0,71.0,73.0,77,63,-11.5
Ryan McDonagh 2019,Ryan McDonagh,2019,D,29.301,73,215,71.0,73.0,77.0,63,82,11.0
Ryan McDonagh 2020,Ryan McDonagh,2020,D,30.301,73,215,73.0,77.0,63.0,82,58,-15.75
Jake Muzzin 2017,Jake Muzzin,2017,D,27.609,75,227,45.0,76.0,76.0,82,82,12.25
Jake Muzzin 2018,Jake Muzzin,2018,D,28.609,75,227,76.0,76.0,82.0,82,74,-5.0
Jake Muzzin 2019,Jake Muzzin,2019,D,29.608,75,227,76.0,82.0,82.0,74,80,1.5
Jake Muzzin 2020,Jake Muzzin,2020,D,30.607,75,227,82.0,82.0,74.0,80,62,-17.5
Jake Muzzin 2021,Jake Muzzin,2021,D,31.609,75,227,82.0,74.0,80.0,62,77,2.5
Alec Martinez 2019,Alec Martinez,2019,D,31.185,73,210,56.0,78.0,82.0,77,60,-13.25
Alec Martinez 2020,Alec Martinez,2020,D,32.184,73,210,78.0,82.0,77.0,60,60,-14.25
Alec Martinez 2021,Alec Martinez,2021,D,33.186,73,210,82.0,77.0,60.0,60,77,7.25
Nick Holden 2018,Nick Holden,2018,D,30.383,76,210,54.0,78.0,82.0,80,73,-0.5
Nick Holden 2019,Nick Holden,2019,D,31.382,76,210,78.0,82.0,80.0,73,61,-17.25
Nick Holden 2020,Nick Holden,2020,D,32.381,76,210,82.0,80.0,73.0,61,71,-3.0
Jason Demers 2017,Jason Demers,2017,D,28.313,73,195,22.0,75.0,81.0,62,81,21.0
Jason Demers 2018,Jason Demers,2018,D,29.312,73,195,75.0,81.0,62.0,81,69,-5.75
Drew Doughty 2012,Drew Doughty,2012,D,21.813,73,210,,81.0,82.0,76,77,-2.6666666666666714
Drew Doughty 2017,Drew Doughty,2017,D,26.815,73,210,48.0,78.0,82.0,82,82,9.5
Drew Doughty 2018,Drew Doughty,2018,D,27.815,73,210,78.0,82.0,82.0,82,82,1.0
Drew Doughty 2019,Drew Doughty,2019,D,28.814,73,210,82.0,82.0,82.0,82,82,0.0
Drew Doughty 2020,Drew Doughty,2020,D,29.813,73,210,82.0,82.0,82.0,82,79,-3.0
Drew Doughty 2021,Drew Doughty,2021,D,30.815,73,210,82.0,82.0,82.0,79,82,0.75
Alex Pietrangelo 2017,Alex Pietrangelo,2017,D,26.703,75,215,47.0,81.0,81.0,73,80,9.5
Alex Pietrangelo 2018,Alex Pietrangelo,2018,D,27.702,75,215,81.0,81.0,73.0,80,78,-0.75
Alex Pietrangelo 2019,Alex Pietrangelo,2019,D,28.702,75,215,81.0,73.0,80.0,78,71,-7.0
Alex Pietrangelo 2020,Alex Pietrangelo,2020,D,29.701,75,215,73.0,80.0,78.0,71,82,6.5
Alex Pietrangelo 2021,Alex Pietrangelo,2021,D,30.703,75,215,80.0,78.0,71.0,82,60,-17.75
Alex Pietrangelo 2022,Alex Pietrangelo,2022,D,31.702,75,215,78.0,71.0,82.0,60,80,7.25
Alex Pietrangelo 2023,Alex Pietrangelo,2023,D,32.702,75,215,71.0,82.0,60.0,80,73,-0.25
Luke Schenn 2012,Luke Schenn,2012,D,21.912,74,225,,70.0,79.0,82,79,2.0
Tyler Myers 2021,Tyler Myers,2021,D,30.665,80,229,11.0,82.0,80.0,80,80,16.75
Tyler Myers 2022,Tyler Myers,2022,D,31.664,80,229,82.0,80.0,80.0,80,82,1.5
Tyler Myers 2023,Tyler Myers,2023,D,32.663,80,229,80.0,80.0,80.0,82,78,-2.5
Erik Karlsson 2017,Erik Karlsson,2017,D,26.339,72,190,17.0,82.0,82.0,82,77,11.25
Erik Karlsson 2018,Erik Karlsson,2018,D,27.338,72,190,82.0,82.0,82.0,77,71,-9.75
Erik Karlsson 2019,Erik Karlsson,2019,D,28.338,72,190,82.0,82.0,77.0,71,53,-25.0
John Carlson 2020,John Carlson,2020,D,29.723,75,215,56.0,72.0,82.0,80,81,8.5
John Carlson 2021,John Carlson,2021,D,30.725,75,215,72.0,82.0,80.0,81,76,-2.75
John Carlson 2022,John Carlson,2022,D,31.724,75,215,82.0,80.0,81.0,76,78,-1.75
Roman Josi 2017,Roman Josi,2017,D,26.336,73,201,48.0,72.0,81.0,81,72,1.5
Roman Josi 2018,Roman Josi,2018,D,27.335,73,201,72.0,81.0,81.0,72,75,-1.5
Roman Josi 2019,Roman Josi,2019,D,28.335,73,201,81.0,81.0,72.0,75,82,4.75
Roman Josi 2020,Roman Josi,2020,D,29.334,73,201,81.0,72.0,75.0,82,81,3.5
Roman Josi 2021,Roman Josi,2021,D,30.336,73,201,72.0,75.0,82.0,81,68,-9.5
Roman Josi 2022,Roman Josi,2022,D,31.336,73,201,75.0,82.0,81.0,68,80,3.5
Roman Josi 2023,Roman Josi,2023,D,32.335,73,201,82.0,81.0,68.0,80,67,-10.75
Justin Schultz 2017,Justin Schultz,2017,D,26.24,74,190,48.0,74.0,81.0,63,78,11.5
Justin Schultz 2018,Justin Schultz,2018,D,27.24,74,190,74.0,81.0,63.0,78,63,-11.0
Marco Scandella 2017,Marco Scandella,2017,D,26.604,75,212,6.0,76.0,64.0,73,71,16.25
Marco Scandella 2018,Marco Scandella,2018,D,27.604,75,212,76.0,64.0,73.0,71,82,11.0
Marco Scandella 2019,Marco Scandella,2019,D,28.603,75,212,64.0,73.0,71.0,82,63,-9.5
Marco Scandella 2020,Marco Scandella,2020,D,29.602,75,212,73.0,71.0,82.0,63,73,0.75
Marco Scandella 2021,Marco Scandella,2021,D,30.605,75,212,71.0,82.0,63.0,73,71,-1.25
Marco Scandella 2022,Marco Scandella,2022,D,31.604,75,212,82.0,63.0,73.0,71,70,-2.25
Michael Stone 2017,Michael Stone,2017,D,26.32,75,210,40.0,70.0,81.0,75,64,-2.5
Michael Stone 2018,Michael Stone,2018,D,27.319,75,210,70.0,81.0,75.0,64,82,9.5
TJ Brodie 2017,TJ Brodie,2017,D,26.32,74,187,47.0,81.0,81.0,70,82,12.25
TJ Brodie 2018,TJ Brodie,2018,D,27.319,74,187,81.0,81.0,70.0,82,73,-5.5
TJ Brodie 2019,TJ Brodie,2019,D,28.318,74,187,81.0,70.0,82.0,73,79,2.5
TJ Brodie 2020,TJ Brodie,2020,D,29.318,74,187,70.0,82.0,73.0,79,75,-1.0
TJ Brodie 2021,TJ Brodie,2021,D,30.32,74,187,82.0,73.0,79.0,75,82,4.75
TJ Brodie 2022,TJ Brodie,2022,D,31.319,74,187,73.0,79.0,75.0,82,82,4.75
TJ Brodie 2023,TJ Brodie,2023,D,32.318,74,187,79.0,75.0,82.0,82,58,-21.5
Mark Borowiecki 2018,Mark Borowiecki,2018,D,28.223,74,204,13.0,63.0,63.0,70,52,-0.25
Jared Spurgeon 2017,Jared Spurgeon,2017,D,26.84,69,166,39.0,67.0,66.0,77,76,13.75
Jared Spurgeon 2018,Jared Spurgeon,2018,D,27.839,69,166,67.0,66.0,77.0,76,61,-10.5
Jared Spurgeon 2019,Jared Spurgeon,2019,D,28.839,69,166,66.0,77.0,76.0,61,82,12.0
Jared Spurgeon 2020,Jared Spurgeon,2020,D,29.838,69,166,77.0,76.0,61.0,82,73,-1.0
Jared Spurgeon 2021,Jared Spurgeon,2021,D,30.84,69,166,76.0,61.0,82.0,73,79,6.0
Jared Spurgeon 2022,Jared Spurgeon,2022,D,31.839,69,166,61.0,82.0,73.0,79,65,-8.75
Jared Spurgeon 2023,Jared Spurgeon,2023,D,32.839,69,166,82.0,73.0,79.0,65,79,4.25
Jordie Benn 2017,Jordie Benn,2017,D,29.186,74,201,26.0,78.0,73.0,64,71,10.75
Jordie Benn 2018,Jordie Benn,2018,D,30.186,74,201,78.0,73.0,64.0,71,77,5.5
Jordie Benn 2019,Jordie Benn,2019,D,31.185,74,201,73.0,64.0,71.0,77,81,9.75
Jordie Benn 2020,Jordie Benn,2020,D,32.184,74,201,64.0,71.0,77.0,81,51,-22.25
Victor Hedman 2019,Victor Hedman,2019,D,27.787,79,244,59.0,78.0,79.0,77,70,-3.25
Victor Hedman 2020,Victor Hedman,2020,D,28.787,79,244,78.0,79.0,77.0,70,77,1.0
Victor Hedman 2021,Victor Hedman,2021,D,29.789,79,244,79.0,77.0,70.0,77,79,3.25
Victor Hedman 2022,Victor Hedman,2022,D,30.788,79,244,77.0,70.0,77.0,79,82,6.25
Victor Hedman 2023,Victor Hedman,2023,D,31.787,79,244,70.0,77.0,79.0,82,76,-1.0
Oliver Ekman-Larsson 2017,Oliver Ekman-Larsson,2017,D,25.211,74,200,48.0,80.0,82.0,75,79,7.75
Oliver Ekman-Larsson 2018,Oliver Ekman-Larsson,2018,D,26.21,74,200,80.0,82.0,75.0,79,82,3.0
Oliver Ekman-Larsson 2019,Oliver Ekman-Larsson,2019,D,27.21,74,200,82.0,75.0,79.0,82,81,1.5
Oliver Ekman-Larsson 2020,Oliver Ekman-Larsson,2020,D,28.209,74,200,75.0,79.0,82.0,81,77,-2.25
Oliver Ekman-Larsson 2021,Oliver Ekman-Larsson,2021,D,29.211,74,200,79.0,82.0,81.0,77,67,-12.75
Oliver Ekman-Larsson 2022,Oliver Ekman-Larsson,2022,D,30.21,74,200,82.0,81.0,77.0,67,79,2.25
Oliver Ekman-Larsson 2023,Oliver Ekman-Larsson,2023,D,31.21,74,200,81.0,77.0,67.0,79,54,-22.0
Dmitry Kulikov 2023,Dmitry Kulikov,2023,D,31.924,73,201,57.0,60.0,70.0,80,67,0.25
Nick Leddy 2017,Nick Leddy,2017,D,25.537,72,205,48.0,82.0,78.0,81,81,8.75
Nick Leddy 2018,Nick Leddy,2018,D,26.536,72,205,82.0,78.0,81.0,81,80,-0.5
Nick Leddy 2019,Nick Leddy,2019,D,27.535,72,205,78.0,81.0,81.0,80,82,2.0
Nick Leddy 2020,Nick Leddy,2020,D,28.535,72,205,81.0,81.0,80.0,82,70,-11.0
Nick Leddy 2021,Nick Leddy,2021,D,29.537,72,205,81.0,80.0,82.0,70,82,3.75
Nick Leddy 2022,Nick Leddy,2022,D,30.536,72,205,80.0,82.0,70.0,82,75,-3.5
Nick Leddy 2023,Nick Leddy,2023,D,31.535,72,205,82.0,70.0,82.0,75,78,0.75
Brayden McNabb 2021,Brayden McNabb,2021,D,29.696,76,215,49.0,76.0,81.0,83,60,-12.25
Brayden McNabb 2022,Brayden McNabb,2022,D,30.695,76,215,76.0,81.0,83.0,60,69,-6.0
Brayden McNabb 2023,Brayden McNabb,2023,D,31.694,76,215,81.0,83.0,60.0,69,82,8.75
Tyson Barrie 2017,Tyson Barrie,2017,D,25.186,71,197,32.0,64.0,80.0,78,74,10.5
Tyson Barrie 2018,Tyson Barrie,2018,D,26.186,71,197,64.0,80.0,78.0,74,68,-6.0
Tyson Barrie 2019,Tyson Barrie,2019,D,27.185,71,197,80.0,78.0,74.0,68,78,3.0
Tyson Barrie 2020,Tyson Barrie,2020,D,28.184,71,197,78.0,74.0,68.0,78,82,7.5
Tyson Barrie 2021,Tyson Barrie,2021,D,29.186,71,197,74.0,68.0,78.0,82,82,6.5
Tyson Barrie 2022,Tyson Barrie,2022,D,30.186,71,197,68.0,78.0,82.0,82,73,-4.5
Tyson Barrie 2023,Tyson Barrie,2023,D,31.185,71,197,78.0,82.0,82.0,73,85,6.25
Dmitry Orlov 2019,Dmitry Orlov,2019,D,27.193,71,214,,82.0,82.0,82,82,0.0
Dmitry Orlov 2020,Dmitry Orlov,2020,D,28.192,71,214,82.0,82.0,82.0,82,81,-1.0
Dmitry Orlov 2021,Dmitry Orlov,2021,D,29.195,71,214,82.0,82.0,82.0,81,74,-7.75
Dmitry Orlov 2022,Dmitry Orlov,2022,D,30.194,71,214,82.0,82.0,81.0,74,76,-3.75
Dmitry Orlov 2023,Dmitry Orlov,2023,D,31.193,71,214,82.0,81.0,74.0,76,66,-12.25
Brian Dumoulin 2019,Brian Dumoulin,2019,D,27.07,76,207,8.0,79.0,70.0,80,76,16.75
Mattias Ekholm 2017,Mattias Ekholm,2017,D,26.358,76,215,1.0,62.0,80.0,82,82,25.75
Mattias Ekholm 2018,Mattias Ekholm,2018,D,27.357,76,215,62.0,80.0,82.0,82,81,4.5
Mattias Ekholm 2019,Mattias Ekholm,2019,D,28.357,76,215,80.0,82.0,82.0,81,80,-1.25
Mattias Ekholm 2020,Mattias Ekholm,2020,D,29.356,76,215,82.0,82.0,81.0,80,80,-1.25
Mattias Ekholm 2021,Mattias Ekholm,2021,D,30.358,76,215,82.0,81.0,80.0,80,68,-12.75
Mattias Ekholm 2022,Mattias Ekholm,2022,D,31.357,76,215,81.0,80.0,80.0,68,76,-1.25
Mattias Ekholm 2023,Mattias Ekholm,2023,D,32.357,76,215,80.0,80.0,68.0,76,78,2.0
David Savard 2017,David Savard,2017,D,25.945,73,235,4.0,70.0,82.0,65,74,18.75
David Savard 2018,David Savard,2018,D,26.944,73,235,70.0,82.0,65.0,74,81,8.25
David Savard 2019,David Savard,2019,D,27.943,73,235,82.0,65.0,74.0,81,82,6.5
David Savard 2020,David Savard,2020,D,28.943,73,235,65.0,74.0,81.0,82,80,4.5
David Savard 2021,David Savard,2021,D,29.945,73,235,74.0,81.0,82.0,80,79,-0.25
David Savard 2022,David Savard,2022,D,30.944,73,235,81.0,82.0,80.0,79,62,-18.5
David Savard 2023,David Savard,2023,D,31.943,73,235,82.0,80.0,79.0,62,62,-13.75
Ben Chiarot 2022,Ben Chiarot,2022,D,30.399,75,232,57.0,78.0,81.0,60,74,5.0
Ben Chiarot 2023,Ben Chiarot,2023,D,31.399,75,232,78.0,81.0,60.0,74,76,2.75
Nick Jensen 2021,Nick Jensen,2021,D,30.03,73,205,49.0,81.0,80.0,80,77,4.5
Nick Jensen 2022,Nick Jensen,2022,D,31.029,73,205,81.0,80.0,80.0,77,76,-3.5
Nick Jensen 2023,Nick Jensen,2023,D,32.028,73,205,80.0,80.0,77.0,76,77,-1.25
Brenden Dillon 2017,Brenden Dillon,2017,D,25.884,76,224,48.0,80.0,80.0,76,81,10.0
Brenden Dillon 2018,Brenden Dillon,2018,D,26.884,76,224,80.0,80.0,76.0,81,81,1.75
Brenden Dillon 2019,Brenden Dillon,2019,D,27.883,76,224,80.0,76.0,81.0,81,82,2.5
Brenden Dillon 2020,Brenden Dillon,2020,D,28.882,76,224,76.0,81.0,81.0,82,81,1.0
Brenden Dillon 2021,Brenden Dillon,2021,D,29.884,76,224,81.0,81.0,82.0,81,82,0.75
Brenden Dillon 2022,Brenden Dillon,2022,D,30.884,76,224,81.0,82.0,81.0,82,79,-2.5
Brenden Dillon 2023,Brenden Dillon,2023,D,31.883,76,224,82.0,81.0,82.0,79,82,1.0
Radko Gudas 2019,Radko Gudas,2019,D,28.324,72,208,31.0,76.0,67.0,70,77,16.0
Radko Gudas 2020,Radko Gudas,2020,D,29.323,72,208,76.0,67.0,70.0,77,74,1.5
Radko Gudas 2021,Radko Gudas,2021,D,30.325,72,208,67.0,70.0,77.0,74,79,7.0
Radko Gudas 2022,Radko Gudas,2022,D,31.325,72,208,70.0,77.0,74.0,79,77,2.0
Radko Gudas 2023,Radko Gudas,2023,D,32.324,72,208,77.0,74.0,79.0,77,72,-4.75
Justin Holl 2023,Justin Holl,2023,D,30.67,75,197,11.0,80.0,80.0,69,80,20.0
Patrik Nemeth 2021,Patrik Nemeth,2021,D,28.647,76,230,40.0,68.0,74.0,75,76,11.75
Patrik Nemeth 2022,Patrik Nemeth,2022,D,29.646,76,230,68.0,74.0,75.0,76,63,-10.25
Patrik Nemeth 2023,Patrik Nemeth,2023,D,30.646,76,230,74.0,75.0,76.0,63,75,3.0
Justin Faulk 2017,Justin Faulk,2017,D,24.535,72,214,38.0,76.0,82.0,64,75,10.0
Justin Faulk 2018,Justin Faulk,2018,D,25.534,72,214,76.0,82.0,64.0,75,76,1.75
Justin Faulk 2019,Justin Faulk,2019,D,26.533,72,214,82.0,64.0,75.0,76,82,7.75
Justin Faulk 2020,Justin Faulk,2020,D,27.533,72,214,64.0,75.0,76.0,82,81,6.75
Justin Faulk 2021,Justin Faulk,2021,D,28.535,72,214,75.0,76.0,82.0,81,82,3.5
Justin Faulk 2022,Justin Faulk,2022,D,29.534,72,214,76.0,82.0,81.0,82,76,-4.25
Justin Faulk 2023,Justin Faulk,2023,D,30.533,72,214,82.0,81.0,82.0,76,82,1.75
Cam Fowler 2017,Cam Fowler,2017,D,24.825,74,215,37.0,70.0,80.0,69,80,16.0
Cam Fowler 2018,Cam Fowler,2018,D,25.824,74,215,70.0,80.0,69.0,80,67,-7.75
Cam Fowler 2019,Cam Fowler,2019,D,26.823,74,215,80.0,69.0,80.0,67,59,-15.0
Cam Fowler 2023,Cam Fowler,2023,D,30.824,74,215,59.0,69.0,82.0,76,82,10.5
Erik Gudbranson 2022,Erik Gudbranson,2022,D,29.734,77,222,52.0,76.0,60.0,64,78,15.0
Erik Gudbranson 2023,Erik Gudbranson,2023,D,30.733,77,222,76.0,60.0,64.0,78,70,0.5
John Klingberg 2018,John Klingberg,2018,D,25.131,75,190,,65.0,76.0,80,82,8.333333333333329
John Klingberg 2019,John Klingberg,2019,D,26.131,75,190,65.0,76.0,80.0,82,64,-11.75
John Klingberg 2020,John Klingberg,2020,D,27.13,75,190,76.0,80.0,82.0,64,68,-7.5
John Klingberg 2021,John Klingberg,2021,D,28.132,75,190,80.0,82.0,64.0,68,77,3.5
John Klingberg 2022,John Klingberg,2022,D,29.132,75,190,82.0,64.0,68.0,77,74,1.25
John Klingberg 2023,John Klingberg,2023,D,30.131,75,190,64.0,68.0,77.0,74,67,-3.75
Josh Manson 2019,Josh Manson,2019,D,26.985,75,218,28.0,71.0,82.0,80,74,8.75
Josh Manson 2020,Josh Manson,2020,D,27.984,75,218,71.0,82.0,80.0,74,58,-18.75
Dylan DeMelo 2021,Dylan DeMelo,2021,D,27.42,72,195,25.0,63.0,77.0,69,76,17.5
Dylan DeMelo 2022,Dylan DeMelo,2022,D,28.42,72,195,63.0,77.0,69.0,76,76,4.75
Dylan DeMelo 2023,Dylan DeMelo,2023,D,29.419,72,195,77.0,69.0,76.0,76,75,0.5
Scott Mayfield 2022,Scott Mayfield,2022,D,28.965,77,220,47.0,79.0,79.0,82,61,-10.75
Scott Mayfield 2023,Scott Mayfield,2023,D,29.964,77,220,79.0,79.0,82.0,61,82,6.75
Joel Edmundson 2019,Joel Edmundson,2019,D,25.26,77,221,,67.0,69.0,69,64,-4.333333333333329
Joel Edmundson 2020,Joel Edmundson,2020,D,26.259,77,221,67.0,69.0,69.0,64,80,12.75
Joel Edmundson 2021,Joel Edmundson,2021,D,27.262,77,221,69.0,69.0,64.0,80,80,9.5
Adam Larsson 2018,Adam Larsson,2018,D,24.885,75,209,26.0,64.0,82.0,79,63,0.25
Adam Larsson 2019,Adam Larsson,2019,D,25.884,75,209,64.0,82.0,79.0,63,82,10.0
Adam Larsson 2020,Adam Larsson,2020,D,26.884,75,209,82.0,79.0,63.0,82,57,-19.5
Dougie Hamilton 2017,Dougie Hamilton,2017,D,23.292,78,230,42.0,64.0,72.0,82,81,16.0
Dougie Hamilton 2018,Dougie Hamilton,2018,D,24.291,78,230,64.0,72.0,82.0,81,82,7.25
Dougie Hamilton 2019,Dougie Hamilton,2019,D,25.29,78,230,72.0,82.0,81.0,82,82,2.75
Dougie Hamilton 2020,Dougie Hamilton,2020,D,26.29,78,230,82.0,81.0,82.0,82,55,-26.75
Jonas Brodin 2017,Jonas Brodin,2017,D,23.223,74,196,45.0,79.0,71.0,68,68,2.25
Jonas Brodin 2018,Jonas Brodin,2018,D,24.222,74,196,79.0,71.0,68.0,68,73,1.5
Jonas Brodin 2019,Jonas Brodin,2019,D,25.222,74,196,71.0,68.0,68.0,73,82,12.0
Jonas Brodin 2020,Jonas Brodin,2020,D,26.221,74,196,68.0,68.0,73.0,82,81,8.25
Jonas Brodin 2021,Jonas Brodin,2021,D,27.223,74,196,68.0,73.0,82.0,81,77,1.0
Jonas Brodin 2022,Jonas Brodin,2022,D,28.223,74,196,73.0,82.0,81.0,77,73,-5.25
Jonas Brodin 2023,Jonas Brodin,2023,D,29.222,74,196,82.0,81.0,77.0,73,60,-18.25
Jamie Oleksiak 2023,Jamie Oleksiak,2023,D,29.778,79,257,57.0,81.0,82.0,72,75,2.0
Nathan Beaulieu 2018,Nathan Beaulieu,2018,D,24.822,74,200,17.0,64.0,64.0,74,59,4.25
Connor Murphy 2018,Connor Murphy,2018,D,24.518,76,212,30.0,73.0,78.0,77,76,11.5
Connor Murphy 2019,Connor Murphy,2019,D,25.517,76,212,73.0,78.0,77.0,76,52,-24.0
Colin Miller 2020,Colin Miller,2020,D,26.922,73,200,42.0,61.0,82.0,65,60,-2.5
Colin Miller 2021,Colin Miller,2021,D,27.924,73,200,61.0,82.0,65.0,60,70,3.0
Torey Krug 2017,Torey Krug,2017,D,25.474,69,194,1.0,79.0,78.0,81,81,21.25
Torey Krug 2018,Torey Krug,2018,D,26.473,69,194,79.0,78.0,81.0,81,76,-3.75
Torey Krug 2019,Torey Krug,2019,D,27.472,69,194,78.0,81.0,81.0,76,64,-15.0
Torey Krug 2020,Torey Krug,2020,D,28.472,69,194,81.0,81.0,76.0,64,71,-4.5
Torey Krug 2021,Torey Krug,2021,D,29.474,69,194,81.0,76.0,64.0,71,74,1.0
Torey Krug 2022,Torey Krug,2022,D,30.473,69,194,76.0,64.0,71.0,74,64,-7.25
Torey Krug 2023,Torey Krug,2023,D,31.472,69,194,64.0,71.0,74.0,64,63,-5.25
Morgan Rielly 2017,Morgan Rielly,2017,D,22.566,73,222,,73.0,81.0,82,76,-2.6666666666666714
Morgan Rielly 2018,Morgan Rielly,2018,D,23.565,73,222,73.0,81.0,82.0,76,76,-2.0
Morgan Rielly 2019,Morgan Rielly,2019,D,24.565,73,222,81.0,82.0,76.0,76,82,3.25
Morgan Rielly 2020,Morgan Rielly,2020,D,25.564,73,222,82.0,76.0,76.0,82,55,-24.0
Hampus Lindholm 2017,Hampus Lindholm,2017,D,22.697,76,215,,78.0,78.0,80,66,-12.666666666666671
Hampus Lindholm 2018,Hampus Lindholm,2018,D,23.697,76,215,78.0,78.0,80.0,66,69,-6.5
Hampus Lindholm 2019,Hampus Lindholm,2019,D,24.696,76,215,78.0,80.0,66.0,69,76,2.75
Hampus Lindholm 2020,Hampus Lindholm,2020,D,25.695,76,215,80.0,66.0,69.0,76,64,-8.75
Brady Skjei 2020,Brady Skjei,2020,D,25.517,75,210,7.0,80.0,82.0,78,79,17.25
Brady Skjei 2021,Brady Skjei,2021,D,26.52,75,210,80.0,82.0,78.0,79,76,-3.75
Brady Skjei 2022,Brady Skjei,2022,D,27.519,75,210,82.0,78.0,79.0,76,82,3.25
Brady Skjei 2023,Brady Skjei,2023,D,28.518,75,210,78.0,79.0,76.0,82,81,2.25
Olli Maatta 2021,Olli Maatta,2021,D,26.112,74,207,55.0,82.0,60.0,76,60,-8.25
Olli Maatta 2022,Olli Maatta,2022,D,27.111,74,207,82.0,60.0,76.0,60,66,-3.5
Olli Maatta 2023,Olli Maatta,2023,D,28.11,74,207,60.0,76.0,60.0,66,78,12.5
Mike Matheson 2021,Mike Matheson,2021,D,26.593,74,193,,81.0,75.0,69,64,-11.0
Mike Matheson 2022,Mike Matheson,2022,D,27.593,74,193,81.0,75.0,69.0,64,74,1.75
Cody Ceci 2018,Cody Ceci,2018,D,23.779,74,210,49.0,81.0,75.0,79,82,11.0
Cody Ceci 2019,Cody Ceci,2019,D,24.778,74,210,81.0,75.0,79.0,82,74,-5.25
Cody Ceci 2020,Cody Ceci,2020,D,25.778,74,210,75.0,79.0,82.0,74,66,-11.5
Cody Ceci 2021,Cody Ceci,2021,D,26.78,74,210,79.0,82.0,74.0,66,77,1.75
Cody Ceci 2022,Cody Ceci,2022,D,27.779,74,210,82.0,74.0,66.0,77,78,3.25
Cody Ceci 2023,Cody Ceci,2023,D,28.778,74,210,74.0,66.0,77.0,78,80,6.25
Jacob Trouba 2017,Jacob Trouba,2017,D,22.596,75,203,,65.0,65.0,81,60,-10.333333333333329
Jacob Trouba 2018,Jacob Trouba,2018,D,23.595,75,203,65.0,65.0,81.0,60,55,-12.75
Matt Grzelcyk 2021,Matt Grzelcyk,2021,D,26.739,70,176,2.0,61.0,66.0,80,54,1.75
Colton Parayko 2019,Colton Parayko,2019,D,25.389,78,228,,79.0,81.0,82,80,-0.6666666666666714
Colton Parayko 2020,Colton Parayko,2020,D,26.388,78,228,79.0,81.0,82.0,80,75,-5.5
Esa Lindell 2020,Esa Lindell,2020,D,25.359,75,220,4.0,73.0,80.0,82,81,21.25
Esa Lindell 2021,Esa Lindell,2021,D,26.361,75,220,73.0,80.0,82.0,81,82,3.0
Esa Lindell 2022,Esa Lindell,2022,D,27.36,75,220,80.0,82.0,81.0,82,76,-5.25
Esa Lindell 2023,Esa Lindell,2023,D,28.359,75,220,82.0,81.0,82.0,76,82,1.75
Shayne Gostisbehere 2019,Shayne Gostisbehere,2019,D,25.449,71,180,2.0,64.0,76.0,78,78,23.0
Damon Severson 2019,Damon Severson,2019,D,24.151,74,205,51.0,72.0,80.0,76,82,12.25
Damon Severson 2020,Damon Severson,2020,D,25.151,74,205,72.0,80.0,76.0,82,81,3.5
Damon Severson 2021,Damon Severson,2021,D,26.153,74,205,80.0,76.0,82.0,81,82,2.25
Damon Severson 2022,Damon Severson,2022,D,27.152,74,205,76.0,82.0,81.0,82,80,-0.25
Damon Severson 2023,Damon Severson,2023,D,28.151,74,205,82.0,81.0,82.0,80,81,-0.25
Jaccob Slavin 2019,Jaccob Slavin,2019,D,24.42,75,207,,63.0,82.0,82,82,6.333333333333329
Jaccob Slavin 2020,Jaccob Slavin,2020,D,25.419,75,207,63.0,82.0,82.0,82,80,2.75
Jaccob Slavin 2021,Jaccob Slavin,2021,D,26.421,75,207,82.0,82.0,82.0,80,76,-5.5
Jaccob Slavin 2022,Jaccob Slavin,2022,D,27.42,75,207,82.0,82.0,80.0,76,79,-1.0
Jaccob Slavin 2023,Jaccob Slavin,2023,D,28.42,75,207,82.0,80.0,76.0,79,76,-3.25
Brett Kulak 2023,Brett Kulak,2023,D,28.735,73,197,57.0,66.0,67.0,74,82,16.0
Matthew Benning 2020,Matthew Benning,2020,D,25.353,73,203,,62.0,73.0,70,50,-18.33333333333333
Ben Hutton 2019,Ben Hutton,2019,D,25.449,75,201,,75.0,71.0,61,69,0.0
Ben Hutton 2020,Ben Hutton,2020,D,26.448,75,201,75.0,71.0,61.0,69,76,7.0
Ben Hutton 2021,Ben Hutton,2021,D,27.45,75,201,71.0,61.0,69.0,76,55,-14.25
Nate Schmidt 2019,Nate Schmidt,2019,D,27.212,72,195,39.0,72.0,60.0,76,61,-0.75
Nate Schmidt 2020,Nate Schmidt,2020,D,28.212,72,195,72.0,60.0,76.0,61,69,1.75
Nate Schmidt 2021,Nate Schmidt,2021,D,29.214,72,195,60.0,76.0,61.0,69,79,12.5
Nate Schmidt 2022,Nate Schmidt,2022,D,30.213,72,195,76.0,61.0,69.0,79,77,5.75
Nate Schmidt 2023,Nate Schmidt,2023,D,31.212,72,195,61.0,69.0,79.0,77,71,-0.5
Carson Soucy 2023,Carson Soucy,2023,D,28.181,77,208,,64.0,73.0,64,78,11.0
Ryan Graves 2023,Ryan Graves,2023,D,27.366,77,220,26.0,81.0,79.0,75,78,12.75
Shea Theodore 2021,Shea Theodore,2021,D,25.164,74,197,34.0,61.0,79.0,83,77,12.75
Shea Theodore 2022,Shea Theodore,2022,D,26.164,74,197,61.0,79.0,83.0,77,78,3.0
Shea Theodore 2023,Shea Theodore,2023,D,27.163,74,197,79.0,83.0,77.0,78,55,-24.25
Brett Pesce 2019,Brett Pesce,2019,D,23.877,75,206,,69.0,82.0,65,73,1.0
Brett Pesce 2020,Brett Pesce,2020,D,24.877,75,206,69.0,82.0,65.0,73,71,-1.25
Brett Pesce 2021,Brett Pesce,2021,D,25.879,75,206,82.0,65.0,73.0,71,80,7.25
Brett Pesce 2022,Brett Pesce,2022,D,26.878,75,206,65.0,73.0,71.0,80,70,-2.25
Brett Pesce 2023,Brett Pesce,2023,D,27.878,75,206,73.0,71.0,80.0,70,82,8.5
Seth Jones 2017,Seth Jones,2017,D,21.996,76,213,,77.0,82.0,81,75,-5.0
Seth Jones 2018,Seth Jones,2018,D,22.996,76,213,77.0,82.0,81.0,75,78,-0.75
Seth Jones 2019,Seth Jones,2019,D,23.995,76,213,82.0,81.0,75.0,78,75,-4.0
Seth Jones 2020,Seth Jones,2020,D,24.995,76,213,81.0,75.0,78.0,75,66,-11.25
Seth Jones 2021,Seth Jones,2021,D,25.997,76,213,75.0,78.0,75.0,66,82,8.5
Seth Jones 2022,Seth Jones,2022,D,26.996,76,213,78.0,75.0,66.0,82,78,2.75
Seth Jones 2023,Seth Jones,2023,D,27.995,76,213,75.0,66.0,82.0,78,72,-3.25
Darnell Nurse 2021,Darnell Nurse,2021,D,25.657,76,221,44.0,82.0,82.0,83,82,9.25
Darnell Nurse 2022,Darnell Nurse,2022,D,26.656,76,221,82.0,82.0,83.0,82,71,-11.25
Darnell Nurse 2023,Darnell Nurse,2023,D,27.656,76,221,82.0,83.0,82.0,71,82,2.5
Rasmus Ristolainen 2018,Rasmus Ristolainen,2018,D,22.93,76,221,34.0,78.0,82.0,79,73,4.75
Rasmus Ristolainen 2019,Rasmus Ristolainen,2019,D,23.929,76,221,78.0,82.0,79.0,73,78,0.0
Rasmus Ristolainen 2020,Rasmus Ristolainen,2020,D,24.929,76,221,82.0,79.0,73.0,78,81,3.0
Rasmus Ristolainen 2021,Rasmus Ristolainen,2021,D,25.931,76,221,79.0,73.0,78.0,81,71,-6.75
Rasmus Ristolainen 2022,Rasmus Ristolainen,2022,D,26.93,76,221,73.0,78.0,81.0,71,66,-9.75
Rasmus Ristolainen 2023,Rasmus Ristolainen,2023,D,27.93,76,221,78.0,81.0,71.0,66,74,0.0
Josh Morrissey 2023,Josh Morrissey,2023,D,27.513,72,185,59.0,76.0,82.0,79,78,4.0
Ryan Pulock 2021,Ryan Pulock,2021,D,25.988,74,216,1.0,68.0,82.0,80,82,24.25
Ryan Pulock 2022,Ryan Pulock,2022,D,26.988,74,216,68.0,82.0,80.0,82,56,-22.0
Nikita Zadorov 2021,Nikita Zadorov,2021,D,25.463,78,248,56.0,77.0,70.0,75,79,9.5
Nikita Zadorov 2022,Nikita Zadorov,2022,D,26.462,78,248,77.0,70.0,75.0,79,74,-1.25
Nikita Zadorov 2023,Nikita Zadorov,2023,D,27.461,78,248,70.0,75.0,79.0,74,82,7.5
Aaron Ekblad 2018,Aaron Ekblad,2018,D,21.649,76,215,,81.0,78.0,68,82,6.333333333333329
Aaron Ekblad 2019,Aaron Ekblad,2019,D,22.648,76,215,81.0,78.0,68.0,82,82,4.75
Aaron Ekblad 2020,Aaron Ekblad,2020,D,23.647,76,215,78.0,68.0,82.0,82,79,1.5
Aaron Ekblad 2021,Aaron Ekblad,2021,D,24.65,76,215,68.0,82.0,82.0,79,51,-26.75
Travis Sanheim 2022,Travis Sanheim,2022,D,25.509,75,181,49.0,82.0,81.0,80,80,7.0
Travis Sanheim 2023,Travis Sanheim,2023,D,26.509,75,181,82.0,81.0,80.0,80,81,0.25
Marcus Pettersson 2022,Marcus Pettersson,2022,D,25.4,75,177,22.0,84.0,81.0,68,72,8.25
Marcus Pettersson 2023,Marcus Pettersson,2023,D,26.399,75,177,84.0,81.0,68.0,72,68,-8.25
Brandon Montour 2021,Brandon Montour,2021,D,26.476,72,194,27.0,80.0,82.0,63,73,10.0
Brandon Montour 2022,Brandon Montour,2022,D,27.475,72,194,80.0,82.0,63.0,73,81,6.5
Brandon Montour 2023,Brandon Montour,2023,D,28.474,72,194,82.0,63.0,73.0,81,80,5.25
Devon Toews 2023,Devon Toews,2023,D,28.609,73,191,48.0,80.0,77.0,66,80,12.25
Noah Hanifin 2019,Noah Hanifin,2019,D,21.682,75,207,,79.0,81.0,79,80,0.3333333333333286
Noah Hanifin 2020,Noah Hanifin,2020,D,22.681,75,207,79.0,81.0,79.0,80,82,2.25
Noah Hanifin 2021,Noah Hanifin,2021,D,23.683,75,207,81.0,79.0,80.0,82,68,-12.5
Noah Hanifin 2022,Noah Hanifin,2022,D,24.682,75,207,79.0,80.0,82.0,68,81,3.75
Noah Hanifin 2023,Noah Hanifin,2023,D,25.682,75,207,80.0,82.0,68.0,81,81,3.25
Rasmus Andersson 2022,Rasmus Andersson,2022,D,24.929,73,202,10.0,79.0,82.0,82,82,18.75
Rasmus Andersson 2023,Rasmus Andersson,2023,D,25.928,73,202,79.0,82.0,82.0,82,79,-2.25
Vince Dunn 2021,Vince Dunn,2021,D,23.924,72,200,,75.0,78.0,83,62,-16.66666666666667
Vince Dunn 2022,Vince Dunn,2022,D,24.923,72,200,75.0,78.0,83.0,62,73,-1.5
Vince Dunn 2023,Vince Dunn,2023,D,25.923,72,200,78.0,83.0,62.0,73,81,7.0
Travis Dermott 2022,Travis Dermott,2022,D,24.775,72,202,37.0,64.0,66.0,74,60,-0.25
Brandon Carlo 2020,Brandon Carlo,2020,D,22.845,78,218,,82.0,76.0,72,79,2.3333333333333286
Zach Werenski 2020,Zach Werenski,2020,D,22.202,74,213,,78.0,77.0,82,74,-5.0
Zach Werenski 2021,Zach Werenski,2021,D,23.204,74,213,78.0,77.0,82.0,74,51,-26.75
Thomas Chabot 2021,Thomas Chabot,2021,D,23.669,74,195,1.0,63.0,70.0,83,71,16.75
Thomas Chabot 2022,Thomas Chabot,2022,D,24.669,74,195,63.0,70.0,83.0,71,59,-12.75
Ivan Provorov 2020,Ivan Provorov,2020,D,22.714,73,201,,82.0,82.0,82,81,-1.0
Ivan Provorov 2021,Ivan Provorov,2021,D,23.716,73,201,82.0,82.0,82.0,81,82,0.25
Ivan Provorov 2022,Ivan Provorov,2022,D,24.715,73,201,82.0,82.0,81.0,82,79,-2.75
Ivan Provorov 2023,Ivan Provorov,2023,D,25.715,73,201,82.0,81.0,82.0,79,82,1.0
John Marino 2023,John Marino,2023,D,25.364,73,181,,66.0,76.0,81,64,-10.333333333333329
Vladislav Gavrikov 2023,Vladislav Gavrikov,2023,D,26.862,75,221,,81.0,80.0,80,72,-8.333333333333329
Matt Roy 2023,Matt Roy,2023,D,27.587,73,205,25.0,82.0,64.0,67,82,22.5
Adam Fox 2023,Adam Fox,2023,D,24.619,71,182,,82.0,80.0,78,82,2.0
Ryan Lindgren 2023,Ryan Lindgren,2023,D,24.636,72,190,5.0,70.0,74.0,78,63,6.25
Charlie McAvoy 2023,Charlie McAvoy,2023,D,24.778,73,209,54.0,79.0,74.0,78,67,-4.25
Samuel Girard 2021,Samuel Girard,2021,D,22.391,70,170,,73.0,82.0,82,70,-9.0
Samuel Girard 2022,Samuel Girard,2022,D,23.39,70,170,73.0,82.0,82.0,70,67,-9.75
Samuel Girard 2023,Samuel Girard,2023,D,24.389,70,170,82.0,82.0,70.0,67,76,0.75
Mikhail Sergachev 2021,Mikhail Sergachev,2021,D,22.27,73,217,4.0,79.0,75.0,82,82,22.0
Mikhail Sergachev 2022,Mikhail Sergachev,2022,D,23.27,73,217,79.0,75.0,82.0,82,78,-1.5
Mikhail Sergachev 2023,Mikhail Sergachev,2023,D,24.269,73,217,75.0,82.0,82.0,78,79,-0.25
Filip Hronek 2023,Filip Hronek,2023,D,24.912,72,190,46.0,76.0,82.0,78,64,-6.5
Troy Stecher 2020,Troy Stecher,2020,D,25.485,70,184,,71.0,68.0,78,81,8.666666666666671
Troy Stecher 2021,Troy Stecher,2021,D,26.487,70,184,71.0,68.0,78.0,81,64,-10.5
Nikita Zaitsev 2020,Nikita Zaitsev,2020,D,27.924,74,192,,82.0,60.0,81,68,-6.333333333333329
Nikita Zaitsev 2021,Nikita Zaitsev,2021,D,28.926,74,192,82.0,60.0,81.0,68,80,7.25
Nikita Zaitsev 2022,Nikita Zaitsev,2022,D,29.926,74,192,60.0,81.0,68.0,80,62,-10.25
Mario Ferraro 2023,Mario Ferraro,2023,D,24.039,72,209,,71.0,82.0,63,72,0.0
Henri Jokiharju 2023,Henri Jokiharju,2023,D,23.292,72,200,38.0,81.0,67.0,60,60,-1.5
Miro Heiskanen 2022,Miro Heiskanen,2022,D,22.207,73,195,,82.0,80.0,80,70,-10.666666666666671
Miro Heiskanen 2023,Miro Heiskanen,2023,D,23.207,73,195,82.0,80.0,80.0,70,79,1.0
Cale Makar 2023,Cale Makar,2023,D,23.921,71,187,,67.0,64.0,77,60,-9.333333333333329
Neal Pionk 2022,Neal Pionk,2022,D,26.177,72,185,28.0,73.0,83.0,79,77,11.25
Neal Pionk 2023,Neal Pionk,2023,D,27.177,72,185,73.0,83.0,79.0,77,82,4.0
Quinn Hughes 2023,Quinn Hughes,2023,D,22.966,70,180,5.0,80.0,82.0,76,78,17.25
Rasmus Dahlin 2022,Rasmus Dahlin,2022,D,21.468,75,202,,82.0,69.0,82,80,2.3333333333333286
Rasmus Dahlin 2023,Rasmus Dahlin,2023,D,22.467,75,202,82.0,69.0,82.0,80,78,-0.25
Ilya Lyubushkin 2023,Ilya Lyubushkin,2023,D,28.488,74,200,41.0,60.0,61.0,77,68,8.25
Zdeno Chara 2011,Zdeno Chara,2011,D,33.54,81,250,,77.0,80.0,80,81,2.0
Zdeno Chara 2012,Zdeno Chara,2012,D,34.539,81,250,77.0,80.0,80.0,81,79,-0.5
Zdeno Chara 2017,Zdeno Chara,2017,D,39.541,81,250,48.0,77.0,63.0,80,75,8.0
Zdeno Chara 2018,Zdeno Chara,2018,D,40.54,81,250,77.0,63.0,80.0,75,73,-0.75
Zdeno Chara 2019,Zdeno Chara,2019,D,41.54,81,250,63.0,80.0,75.0,73,62,-10.75
Zdeno Chara 2020,Zdeno Chara,2020,D,42.539,81,250,80.0,75.0,73.0,62,80,7.5
Zdeno Chara 2021,Zdeno Chara,2021,D,43.541,81,250,75.0,73.0,62.0,80,80,7.5
Zdeno Chara 2022,Zdeno Chara,2022,D,44.541,81,250,73.0,62.0,80.0,80,72,-1.75
Duncan Keith 2011,Duncan Keith,2011,D,27.212,73,192,,82.0,77.0,82,82,1.6666666666666714
Duncan Keith 2012,Duncan Keith,2012,D,28.212,73,192,82.0,77.0,82.0,82,74,-6.75
Duncan Keith 2017,Duncan Keith,2017,D,33.214,73,192,47.0,79.0,80.0,67,80,11.75
Duncan Keith 2018,Duncan Keith,2018,D,34.213,73,192,79.0,80.0,67.0,80,82,5.5
Duncan Keith 2019,Duncan Keith,2019,D,35.212,73,192,80.0,67.0,80.0,82,82,4.75
Duncan Keith 2020,Duncan Keith,2020,D,36.212,73,192,67.0,80.0,82.0,82,71,-6.75
Duncan Keith 2021,Duncan Keith,2021,D,37.214,73,192,80.0,82.0,82.0,71,77,-1.75
Duncan Keith 2022,Duncan Keith,2022,D,38.213,73,192,82.0,82.0,71.0,77,64,-14.0
Andrej Sekera 2017,Andrej Sekera,2017,D,30.317,72,200,37.0,74.0,73.0,81,80,13.75
Kris Russell 2011,Kris Russell,2011,D,23.417,70,170,,67.0,66.0,70,73,5.333333333333329
Kris Russell 2012,Kris Russell,2012,D,24.417,70,170,67.0,66.0,70.0,73,55,-14.0
Kris Russell 2017,Kris Russell,2017,D,29.419,70,170,33.0,68.0,79.0,62,68,7.5
Kris Russell 2018,Kris Russell,2018,D,30.418,70,170,68.0,79.0,62.0,68,78,8.75
Kris Russell 2019,Kris Russell,2019,D,31.418,70,170,79.0,62.0,68.0,78,72,0.25
Kris Russell 2020,Kris Russell,2020,D,32.417,70,170,62.0,68.0,78.0,72,64,-6.0
Kris Russell 2021,Kris Russell,2021,D,33.419,70,170,68.0,78.0,72.0,64,51,-19.5
Keith Yandle 2012,Keith Yandle,2012,D,25.06,73,192,43.0,69.0,82.0,82,82,13.0
Keith Yandle 2017,Keith Yandle,2017,D,30.062,73,192,48.0,82.0,84.0,82,82,8.0
Keith Yandle 2018,Keith Yandle,2018,D,31.062,73,192,82.0,84.0,82.0,82,82,-0.5
Keith Yandle 2019,Keith Yandle,2019,D,32.061,73,192,84.0,82.0,82.0,82,82,-0.5
Keith Yandle 2020,Keith Yandle,2020,D,33.06,73,192,82.0,82.0,82.0,82,81,-1.0
Keith Yandle 2021,Keith Yandle,2021,D,34.063,73,192,82.0,82.0,82.0,81,82,0.25
Keith Yandle 2022,Keith Yandle,2022,D,35.062,73,192,82.0,82.0,81.0,82,77,-4.75
Andy Greene 2017,Andy Greene,2017,D,33.923,71,190,48.0,82.0,82.0,82,66,-7.5
Andy Greene 2018,Andy Greene,2018,D,34.922,71,190,82.0,82.0,82.0,66,81,3.0
Andy Greene 2019,Andy Greene,2019,D,35.922,71,190,82.0,82.0,66.0,81,82,4.25
Andy Greene 2020,Andy Greene,2020,D,36.921,71,190,82.0,66.0,81.0,82,74,-3.75
Andy Greene 2021,Andy Greene,2021,D,37.923,71,190,66.0,81.0,82.0,74,80,4.25
Andy Greene 2022,Andy Greene,2022,D,38.922,71,190,81.0,82.0,74.0,80,69,-10.25
P.K. Subban 2017,P.K. Subban,2017,D,27.387,72,210,42.0,82.0,82.0,68,66,-2.5
P.K. Subban 2018,P.K. Subban,2018,D,28.387,72,210,82.0,82.0,68.0,66,82,7.5
P.K. Subban 2019,P.K. Subban,2019,D,29.386,72,210,82.0,68.0,66.0,82,63,-11.5
P.K. Subban 2020,P.K. Subban,2020,D,30.385,72,210,68.0,66.0,82.0,63,80,10.25
P.K. Subban 2021,P.K. Subban,2021,D,31.388,72,210,66.0,82.0,63.0,80,64,-8.75
P.K. Subban 2022,P.K. Subban,2022,D,32.387,72,210,82.0,63.0,80.0,64,77,4.75
Thomas Hickey 2017,Thomas Hickey,2017,D,27.645,72,185,39.0,82.0,81.0,62,76,10.0
Thomas Hickey 2018,Thomas Hickey,2018,D,28.644,72,185,82.0,81.0,62.0,76,69,-6.25
John Moore 2019,John Moore,2019,D,27.867,75,207,57.0,73.0,63.0,81,61,-7.5
Christopher Tanev 2017,Christopher Tanev,2017,D,26.782,74,193,38.0,64.0,70.0,69,53,-7.25
Mark Pysyk 2020,Mark Pysyk,2020,D,27.721,73,198,55.0,82.0,82.0,70,68,-4.25
Mark Pysyk 2021,Mark Pysyk,2021,D,28.724,73,198,82.0,82.0,70.0,68,52,-23.5
Danny DeKeyser 2017,Danny DeKeyser,2017,D,26.572,75,183,11.0,65.0,80.0,78,82,23.5
Danny DeKeyser 2018,Danny DeKeyser,2018,D,27.571,75,183,65.0,80.0,78.0,82,65,-11.25
Danny DeKeyser 2019,Danny DeKeyser,2019,D,28.57,75,183,80.0,78.0,82.0,65,52,-24.25
Braydon Coburn 2011,Braydon Coburn,2011,D,25.591,77,224,,78.0,80.0,81,82,2.3333333333333286
Braydon Coburn 2012,Braydon Coburn,2012,D,26.591,77,224,78.0,80.0,81.0,82,81,0.75
Braydon Coburn 2019,Braydon Coburn,2019,D,33.592,77,224,43.0,80.0,80.0,72,74,5.25
Shea Weber 2012,Shea Weber,2012,D,26.131,76,230,54.0,81.0,78.0,82,78,4.25
Shea Weber 2017,Shea Weber,2017,D,31.133,76,230,48.0,79.0,78.0,78,78,7.25
Niklas Hjalmarsson 2017,Niklas Hjalmarsson,2017,D,29.323,75,197,46.0,81.0,82.0,81,73,0.5
Carl Gunnarsson 2017,Carl Gunnarsson,2017,D,29.895,74,198,37.0,80.0,61.0,72,56,-6.5
Jake Gardiner 2017,Jake Gardiner,2017,D,26.246,74,203,12.0,80.0,79.0,79,82,19.5
Jake Gardiner 2018,Jake Gardiner,2018,D,27.245,74,203,80.0,79.0,79.0,82,82,2.0
Jake Gardiner 2019,Jake Gardiner,2019,D,28.244,74,203,79.0,79.0,82.0,82,62,-18.5
Jake Gardiner 2020,Jake Gardiner,2020,D,29.244,74,203,79.0,82.0,82.0,62,80,3.75
Sami Vatanen 2018,Sami Vatanen,2018,D,26.331,70,185,48.0,67.0,71.0,71,72,7.75
Sami Vatanen 2019,Sami Vatanen,2019,D,27.33,70,185,67.0,71.0,71.0,72,50,-20.25
Ron Hainsey 2011,Ron Hainsey,2011,D,29.523,75,201,,78.0,81.0,80,82,2.3333333333333286
Ron Hainsey 2012,Ron Hainsey,2012,D,30.522,75,201,78.0,81.0,80.0,82,56,-24.25
Ron Hainsey 2017,Ron Hainsey,2017,D,35.525,75,201,47.0,82.0,81.0,81,72,-0.75
Ron Hainsey 2018,Ron Hainsey,2018,D,36.524,75,201,82.0,81.0,81.0,72,80,1.0
Ron Hainsey 2019,Ron Hainsey,2019,D,37.523,75,201,81.0,81.0,72.0,80,81,2.5
Ron Hainsey 2020,Ron Hainsey,2020,D,38.523,75,201,81.0,72.0,80.0,81,75,-3.5
Deryk Engelland 2018,Deryk Engelland,2018,D,35.497,74,212,56.0,76.0,69.0,81,79,8.5
Deryk Engelland 2019,Deryk Engelland,2019,D,36.497,74,212,76.0,69.0,81.0,79,74,-2.25
Deryk Engelland 2020,Deryk Engelland,2020,D,37.496,74,212,69.0,81.0,79.0,74,57,-18.75
Dan Hamhuis 2011,Dan Hamhuis,2011,D,27.801,73,204,,80.0,82.0,78,64,-16.0
Dan Hamhuis 2012,Dan Hamhuis,2012,D,28.8,73,204,80.0,82.0,78.0,64,82,6.0
Trevor Daley 2011,Trevor Daley,2011,D,26.98,71,199,,82.0,75.0,77,82,4.0
Trevor Daley 2012,Trevor Daley,2012,D,27.979,71,199,82.0,75.0,77.0,82,79,0.0
Trevor Daley 2017,Trevor Daley,2017,D,32.981,71,199,44.0,67.0,68.0,82,56,-9.25
Jay Bouwmeester 2011,Jay Bouwmeester,2011,D,27.012,76,206,,82.0,82.0,82,82,0.0
Jay Bouwmeester 2012,Jay Bouwmeester,2012,D,28.012,76,206,82.0,82.0,82.0,82,82,0.0
Jay Bouwmeester 2017,Jay Bouwmeester,2017,D,33.014,76,206,47.0,82.0,72.0,72,81,12.75
Johnny Boychuk 2017,Johnny Boychuk,2017,D,32.702,74,227,44.0,75.0,72.0,70,66,0.75
Johnny Boychuk 2018,Johnny Boychuk,2018,D,33.701,74,227,75.0,72.0,70.0,66,58,-12.75
Brent Seabrook 2011,Brent Seabrook,2011,D,25.449,75,220,,82.0,82.0,78,82,1.3333333333333286
Brent Seabrook 2012,Brent Seabrook,2012,D,26.448,75,220,82.0,82.0,78.0,82,78,-3.0
Brent Seabrook 2017,Brent Seabrook,2017,D,31.451,75,220,47.0,82.0,82.0,81,79,6.0
Brent Seabrook 2018,Brent Seabrook,2018,D,32.45,75,220,82.0,82.0,81.0,79,81,0.0
Brent Seabrook 2019,Brent Seabrook,2019,D,33.449,75,220,82.0,81.0,79.0,81,78,-2.75
Mike Green 2017,Mike Green,2017,D,30.971,73,210,35.0,70.0,72.0,74,72,9.25
Mike Green 2018,Mike Green,2018,D,31.971,73,210,70.0,72.0,74.0,72,66,-6.0
Matt Niskanen 2011,Matt Niskanen,2011,D,23.82,73,203,,78.0,80.0,74,63,-14.333333333333329
Matt Niskanen 2012,Matt Niskanen,2012,D,24.819,73,203,78.0,80.0,74.0,63,75,1.25
Matt Niskanen 2017,Matt Niskanen,2017,D,29.821,73,203,40.0,81.0,82.0,82,78,6.75
Matt Niskanen 2018,Matt Niskanen,2018,D,30.821,73,203,81.0,82.0,82.0,78,68,-12.75
Matt Niskanen 2019,Matt Niskanen,2019,D,31.82,73,203,82.0,82.0,78.0,68,80,2.5
Matt Niskanen 2020,Matt Niskanen,2020,D,32.82,73,203,82.0,78.0,68.0,80,80,3.0
Karl Alzner 2017,Karl Alzner,2017,D,28.02,75,213,48.0,82.0,82.0,82,82,8.5
Karl Alzner 2018,Karl Alzner,2018,D,29.019,75,213,82.0,82.0,82.0,82,82,0.0
Oscar Klefbom 2020,Oscar Klefbom,2020,D,26.199,75,216,30.0,82.0,66.0,61,73,13.25
Brooks Orpik 2011,Brooks Orpik,2011,D,30.013,75,217,,78.0,79.0,73,63,-13.666666666666671
Brooks Orpik 2012,Brooks Orpik,2012,D,31.012,75,217,78.0,79.0,73.0,63,73,-0.25
Niklas Kronwall 2017,Niklas Kronwall,2017,D,35.719,72,194,48.0,79.0,80.0,64,57,-10.75
Dion Phaneuf 2011,Dion Phaneuf,2011,D,25.476,75,222,,82.0,80.0,81,66,-15.0
Dion Phaneuf 2012,Dion Phaneuf,2012,D,26.476,75,222,82.0,80.0,81.0,66,82,4.75
Dion Phaneuf 2017,Dion Phaneuf,2017,D,31.478,75,222,48.0,80.0,70.0,71,81,13.75
Dion Phaneuf 2018,Dion Phaneuf,2018,D,32.477,75,222,80.0,70.0,71.0,81,79,3.5
Dion Phaneuf 2019,Dion Phaneuf,2019,D,33.477,75,222,70.0,71.0,81.0,79,67,-8.25
Dustin Byfuglien 2011,Dustin Byfuglien,2011,D,25.515,77,260,,67.0,77.0,82,81,5.666666666666671
Dustin Byfuglien 2012,Dustin Byfuglien,2012,D,26.514,77,260,67.0,77.0,82.0,81,66,-10.75
Dustin Byfuglien 2017,Dustin Byfuglien,2017,D,31.516,77,260,43.0,78.0,69.0,81,80,12.25
Dustin Byfuglien 2018,Dustin Byfuglien,2018,D,32.516,77,260,78.0,69.0,81.0,80,69,-8.0
Dan Girardi 2011,Dan Girardi,2011,D,26.424,73,212,,82.0,82.0,82,80,-2.0
Dan Girardi 2012,Dan Girardi,2012,D,27.423,73,212,82.0,82.0,82.0,80,82,0.5
Dan Girardi 2017,Dan Girardi,2017,D,32.425,73,212,46.0,81.0,82.0,74,63,-7.75
Dan Girardi 2018,Dan Girardi,2018,D,33.425,73,212,81.0,82.0,74.0,63,77,2.0
Dan Girardi 2019,Dan Girardi,2019,D,34.424,73,212,82.0,74.0,63.0,77,62,-12.0
Ben Lovejoy 2017,Ben Lovejoy,2017,D,32.614,73,205,35.0,78.0,60.0,66,82,22.25
Ben Lovejoy 2018,Ben Lovejoy,2018,D,33.614,73,205,78.0,60.0,66.0,82,57,-14.5
Jason Garrison 2017,Jason Garrison,2017,D,31.883,73,218,47.0,81.0,70.0,72,70,2.5
Francois Beauchemin 2017,Francois Beauchemin,2017,D,36.327,71,208,48.0,70.0,64.0,82,81,15.0
Francois Beauchemin 2018,Francois Beauchemin,2018,D,37.326,71,208,70.0,64.0,82.0,81,67,-7.25
Mark Streit 2017,Mark Streit,2017,D,38.807,71,186,48.0,82.0,81.0,62,68,-0.25
Kevin Bieksa 2017,Kevin Bieksa,2017,D,35.295,73,197,36.0,76.0,60.0,71,81,20.25
Kevin Bieksa 2018,Kevin Bieksa,2018,D,36.294,73,197,76.0,60.0,71.0,81,59,-13.0
Dennis Seidenberg 2012,Dennis Seidenberg,2012,D,30.205,72,199,47.0,70.0,79.0,81,80,10.75
Johnny Oduya 2011,Johnny Oduya,2011,D,29.0,72,191,,75.0,82.0,67,82,7.333333333333329
Johnny Oduya 2012,Johnny Oduya,2012,D,29.999,72,191,75.0,82.0,67.0,82,81,4.5
Johnny Oduya 2017,Johnny Oduya,2017,D,35.002,72,191,48.0,77.0,76.0,82,52,-18.75
Toby Enstrom 2011,Toby Enstrom,2011,D,25.904,70,180,,82.0,82.0,82,72,-10.0
Toby Enstrom 2012,Toby Enstrom,2012,D,26.903,70,180,82.0,82.0,82.0,72,62,-17.5
Toby Enstrom 2017,Toby Enstrom,2017,D,31.905,70,180,22.0,82.0,60.0,72,60,1.0
Alexei Emelin 2018,Alexei Emelin,2018,D,31.437,74,218,59.0,68.0,72.0,76,76,7.25
Michal Rozsival 2011,Michal Rozsival,2011,D,32.078,73,210,,80.0,76.0,82,65,-14.333333333333329
Michal Rozsival 2012,Michal Rozsival,2012,D,33.077,73,210,80.0,76.0,82.0,65,54,-21.75
Brian Campbell 2011,Brian Campbell,2011,D,31.36,70,192,,83.0,82.0,68,65,-12.666666666666671
Brian Campbell 2012,Brian Campbell,2012,D,32.36,70,192,83.0,82.0,68.0,65,82,7.5
Brian Campbell 2017,Brian Campbell,2017,D,37.362,70,192,48.0,82.0,82.0,82,80,6.5
Andrei Markov 2017,Andrei Markov,2017,D,37.783,72,200,48.0,81.0,81.0,82,62,-11.0
Nick Schultz 2011,Nick Schultz,2011,D,28.102,73,203,,81.0,79.0,80,74,-6.0
Nick Schultz 2012,Nick Schultz,2012,D,29.101,73,203,81.0,79.0,80.0,74,82,3.5
Fedor Tyutin 2011,Fedor Tyutin,2011,D,27.204,74,221,,82.0,82.0,80,80,-1.3333333333333286
Fedor Tyutin 2012,Fedor Tyutin,2012,D,28.203,74,221,82.0,82.0,80.0,80,66,-15.0
Fedor Tyutin 2017,Fedor Tyutin,2017,D,33.206,74,221,48.0,69.0,67.0,61,69,7.75
Zbynek Michalek 2011,Zbynek Michalek,2011,D,27.774,74,210,,75.0,82.0,72,73,-3.3333333333333286
Zbynek Michalek 2012,Zbynek Michalek,2012,D,28.773,74,210,75.0,82.0,72.0,73,62,-13.5
Dennis Wideman 2011,Dennis Wideman,2011,D,27.535,72,202,,81.0,79.0,76,75,-3.6666666666666714
Dennis Wideman 2012,Dennis Wideman,2012,D,28.535,72,202,81.0,79.0,76.0,75,82,4.25
Tom Gilbert 2011,Tom Gilbert,2011,D,27.724,74,210,,82.0,82.0,82,79,-3.0
Tom Gilbert 2012,Tom Gilbert,2012,D,28.724,74,210,82.0,82.0,82.0,79,67,-14.25
Matt Greene 2012,Matt Greene,2012,D,28.387,75,236,46.0,82.0,75.0,71,82,13.5
Kevin Klein 2012,Kevin Klein,2012,D,26.799,73,206,13.0,63.0,81.0,81,66,6.5
Kevin Klein 2017,Kevin Klein,2017,D,31.801,73,206,47.0,77.0,65.0,69,60,-4.5
Matt Carle 2011,Matt Carle,2011,D,26.016,72,197,,62.0,76.0,80,82,9.333333333333329
Matt Carle 2012,Matt Carle,2012,D,27.015,72,197,62.0,76.0,80.0,82,82,7.0
Nicklas Grossmann 2011,Nicklas Grossmann,2011,D,25.69,76,230,,62.0,81.0,71,59,-12.333333333333329
Dan Boyle 2012,Dan Boyle,2012,D,35.221,71,194,37.0,77.0,76.0,76,81,14.5
Brad Stuart 2011,Brad Stuart,2011,D,30.903,74,215,,72.0,67.0,82,67,-6.666666666666671
Brad Stuart 2012,Brad Stuart,2012,D,31.902,74,215,72.0,67.0,82.0,67,81,9.0
Rob Scuderi 2011,Rob Scuderi,2011,D,31.754,73,216,,71.0,81.0,73,82,7.0
Rob Scuderi 2012,Rob Scuderi,2012,D,32.754,73,216,71.0,81.0,73.0,82,82,5.25
Barret Jackman 2011,Barret Jackman,2011,D,29.575,72,203,,78.0,82.0,66,60,-15.333333333333329
Barret Jackman 2012,Barret Jackman,2012,D,30.574,72,203,78.0,82.0,66.0,60,81,9.5
Carlo Colaiacovo 2012,Carlo Colaiacovo,2012,D,28.677,73,202,28.0,73.0,67.0,65,64,5.75
Christian Ehrhoff 2011,Christian Ehrhoff,2011,D,28.239,74,201,,77.0,77.0,80,79,1.0
Christian Ehrhoff 2012,Christian Ehrhoff,2012,D,29.238,74,201,77.0,77.0,80.0,79,66,-12.25
Jeff Schultz 2011,Jeff Schultz,2011,D,24.598,78,225,,72.0,64.0,73,72,2.3333333333333286
Jeff Schultz 2012,Jeff Schultz,2012,D,25.597,78,225,72.0,64.0,73.0,72,54,-16.25
Kimmo Timonen 2011,Kimmo Timonen,2011,D,35.541,70,194,,80.0,77.0,82,82,2.3333333333333286
Kimmo Timonen 2012,Kimmo Timonen,2012,D,36.54,70,194,80.0,77.0,82.0,82,76,-4.25
Stephane Robidas 2011,Stephane Robidas,2011,D,33.581,71,190,,82.0,72.0,82,81,2.3333333333333286
Stephane Robidas 2012,Stephane Robidas,2012,D,34.58,71,190,82.0,72.0,82.0,81,75,-4.25
Chris Phillips 2011,Chris Phillips,2011,D,32.565,75,219,,81.0,82.0,82,82,0.3333333333333286
Chris Phillips 2012,Chris Phillips,2012,D,33.564,75,219,81.0,82.0,82.0,82,80,-1.75
Scott Hannan 2011,Scott Hannan,2011,D,31.689,73,215,,82.0,81.0,81,78,-3.3333333333333286
Scott Hannan 2012,Scott Hannan,2012,D,32.688,73,215,82.0,81.0,81.0,78,78,-2.5
Robyn Regehr 2011,Robyn Regehr,2011,D,30.451,75,222,,82.0,75.0,81,79,-0.3333333333333286
Robyn Regehr 2012,Robyn Regehr,2012,D,31.451,75,222,82.0,75.0,81.0,79,76,-3.25
Jordan Leopold 2012,Jordan Leopold,2012,D,31.16,73,206,43.0,83.0,81.0,71,79,9.5
Anton Volchenkov 2011,Anton Volchenkov,2011,D,28.598,73,220,,67.0,68.0,64,57,-9.333333333333329
Tim Gleason 2011,Tim Gleason,2011,D,27.672,72,217,,80.0,70.0,61,82,11.666666666666671
Tim Gleason 2012,Tim Gleason,2012,D,28.672,72,217,80.0,70.0,61.0,82,82,8.75
Keith Ballard 2011,Keith Ballard,2011,D,27.847,71,204,,82.0,82.0,82,65,-17.0
Jan Hejda 2011,Jan Hejda,2011,D,32.288,76,230,,81.0,82.0,62,77,2.0
Jan Hejda 2012,Jan Hejda,2012,D,33.288,76,230,81.0,82.0,62.0,77,81,5.5
Shane O'Brien 2011,Shane O'Brien,2011,D,27.147,75,230,,77.0,77.0,65,80,7.0
Shane O'Brien 2012,Shane O'Brien,2012,D,28.146,75,230,77.0,77.0,65.0,80,76,1.25
Hal Gill 2011,Hal Gill,2011,D,35.489,79,243,,81.0,62.0,68,75,4.666666666666671
Hal Gill 2012,Hal Gill,2012,D,36.488,79,243,81.0,62.0,68.0,75,76,4.5
Ed Jovanovski 2011,Ed Jovanovski,2011,D,34.265,75,220,,80.0,82.0,66,50,-26.0
Derek Morris 2011,Derek Morris,2011,D,32.105,72,210,,82.0,75.0,76,77,-0.6666666666666714
Derek Morris 2012,Derek Morris,2012,D,33.104,72,210,82.0,75.0,76.0,77,59,-18.5
Henrik Tallinder 2011,Henrik Tallinder,2011,D,31.724,76,209,,71.0,66.0,82,82,9.0
Douglas Murray 2011,Douglas Murray,2011,D,30.555,75,240,,66.0,75.0,79,73,-0.3333333333333286
Douglas Murray 2012,Douglas Murray,2012,D,31.555,75,240,66.0,75.0,79.0,73,60,-13.25
Roman Hamrlik 2011,Roman Hamrlik,2011,D,36.472,74,206,,77.0,81.0,75,79,1.3333333333333286
Roman Hamrlik 2012,Roman Hamrlik,2012,D,37.471,74,206,77.0,81.0,75.0,79,68,-10.0
Adrian Aucoin 2011,Adrian Aucoin,2011,D,37.247,74,215,,76.0,81.0,82,75,-4.666666666666671
Adrian Aucoin 2012,Adrian Aucoin,2012,D,38.246,74,215,76.0,81.0,82.0,75,64,-14.5
Toni Lydman 2011,Toni Lydman,2011,D,33.017,74,213,,82.0,80.0,67,78,1.6666666666666714
Toni Lydman 2012,Toni Lydman,2012,D,34.016,74,213,82.0,80.0,67.0,78,74,-2.75
Brett Clark 2012,Brett Clark,2012,D,34.772,72,194,57.0,76.0,64.0,82,82,12.25
Greg Zanon 2011,Greg Zanon,2011,D,30.323,71,201,,78.0,82.0,81,82,1.6666666666666714
Greg Zanon 2012,Greg Zanon,2012,D,31.322,71,201,78.0,82.0,81.0,82,56,-24.75
Joni Pitkanen 2011,Joni Pitkanen,2011,D,27.034,75,220,,63.0,71.0,71,72,3.6666666666666714
Ian White 2011,Ian White,2011,D,26.325,70,191,,81.0,71.0,83,78,-0.3333333333333286
Ian White 2012,Ian White,2012,D,27.324,70,191,81.0,71.0,83.0,78,77,-1.25
Bruno Gervais 2011,Bruno Gervais,2011,D,25.994,73,200,,60.0,69.0,71,53,-13.666666666666671
Nicklas Lidstrom 2011,Nicklas Lidstrom,2011,D,40.428,73,192,,76.0,78.0,82,82,3.3333333333333286
Nicklas Lidstrom 2012,Nicklas Lidstrom,2012,D,41.428,73,192,76.0,78.0,82.0,82,70,-9.5
Sean O'Donnell 2011,Sean O'Donnell,2011,D,38.969,74,238,,82.0,82.0,78,81,0.3333333333333286
Sean O'Donnell 2012,Sean O'Donnell,2012,D,39.968,74,238,82.0,82.0,78.0,81,51,-29.75
Chris Pronger 2011,Chris Pronger,2011,D,35.976,78,188,,72.0,82.0,82,50,-28.66666666666667
Pavel Kubina 2011,Pavel Kubina,2011,D,33.463,76,258,,72.0,82.0,76,79,2.3333333333333286
Pavel Kubina 2012,Pavel Kubina,2012,D,34.462,76,258,72.0,82.0,76.0,79,69,-8.25
Jaroslav Spacek 2011,Jaroslav Spacek,2011,D,36.636,72,210,,60.0,80.0,74,59,-12.333333333333329
Steve Montador 2011,Steve Montador,2011,D,30.78,72,210,,73.0,78.0,78,73,-3.3333333333333286
Steve Montador 2012,Steve Montador,2012,D,31.779,72,210,73.0,78.0,78.0,73,52,-23.5
Karlis Skrastins 2011,Karlis Skrastins,2011,D,36.231,74,208,,60.0,80.0,79,74,1.0
Brian Rafalski 2011,Brian Rafalski,2011,D,37.009,70,194,,73.0,78.0,78,63,-13.333333333333329
Niclas Wallin 2011,Niclas Wallin,2011,D,35.612,75,220,,66.0,64.0,70,74,7.333333333333329
Shaone Morrisonn 2011,Shaone Morrisonn,2011,D,27.774,76,210,,76.0,72.0,68,62,-10.0
