Player,Position,Age,Year 1,Year 2,Year 3,Year 4
Thomas Chabot,D,26,20.75,22.44,22.54,22.52
Miro Heiskanen,D,23,20.06,19.25,20.65,20.90
Darnell Nurse,D,28,20.05,20.19,21.76,21.08
Zach Werenski,D,25,19.15,19.27,20.15,20.83
Seth Jones,D,28,21.19,20.22,21.06,20.87
Roman Josi,D,32,19.59,20.41,20.72,21.41
Quinn Hughes,D,23,,17.89,19.04,20.53
Colton Parayko,D,29,20.04,20.15,18.78,21.21
Devon Toews,D,29,16.02,18.10,19.92,20.85
Cale Makar,D,24,,17.03,19.19,20.42
Rasmus Dahlin,D,23,18.15,15.80,18.43,20.04
Ivan Provorov,D,26,20.63,18.89,19.75,19.96
Drew Doughty,D,33,21.18,20.47,20.95,20.54
Shea Theodore,D,27,17.51,18.86,19.16,20.34
Josh Morrissey,D,28,17.84,19.98,19.39,20.06
Travis Sanheim,D,27,17.91,17.28,19.16,20.13
Kris Letang,D,35,20.53,19.98,20.02,20.81
Jakob Chychrun,D,25,17.62,18.69,19.60,19.33
Charlie McAvoy,D,25,19.30,19.86,19.53,19.31
Brent Burns,D,38,19.78,20.07,20.54,20.59
Samuel Girard,D,24,17.72,18.68,19.55,19.14
Justin Faulk,D,31,17.75,18.28,20.66,19.80
MacKenzie Weegar,D,29,15.24,17.96,19.00,19.95
Mario Ferraro,D,24,,14.71,18.46,19.62
Alex Pietrangelo,D,33,19.26,19.20,19.64,19.96
K'Andre Miller,D,23,,,18.39,18.69
Hampus Lindholm,D,29,19.70,18.43,,19.46
Morgan Rielly,D,29,19.44,19.79,20.25,19.08
Jaccob Slavin,D,28,18.81,19.33,20.07,18.90
Jonas Brodin,D,29,18.15,18.99,19.32,19.22
Adam Fox,D,25,,16.68,18.36,18.82
Matt Dumba,D,28,19.11,18.62,18.33,19.26
Brian Dumoulin,D,31,18.50,,19.48,19.28
Mikhail Sergachev,D,24,16.18,17.22,18.02,18.74
Henri Jokiharju,D,23,17.15,15.86,17.21,18.77
Victor Hedman,D,32,17.33,18.57,19.25,19.44
John Klingberg,D,30,20.79,19.22,19.41,19.07
Aaron Ekblad,D,27,19.63,19.31,18.73,18.63
Moritz Seider,D,22,,,,18.15
Esa Lindell,D,28,19.93,18.39,18.98,18.92
Filip Hronek,D,25,17.10,18.11,18.78,18.48
Mikey Anderson,D,23,,,19.03,18.04
Connor Murphy,D,30,17.37,18.30,19.20,18.92
Dmitry Orlov,D,31,19.45,19.74,18.38,19.22
Nick Leddy,D,32,18.31,18.97,18.95,19.15
Jacob Trouba,D,29,18.33,18.29,17.70,19.12
Adam Larsson,D,30,19.53,17.90,17.23,19.51
Cam Fowler,D,31,19.36,18.54,17.97,19.35
Vladislav Gavrikov,D,27,,17.35,17.28,19.07
Adam Pelech,D,28,16.87,18.26,18.65,18.72
Jamie Drysdale,D,21,,,,17.76
Erik Karlsson,D,32,19.52,18.90,19.37,19.00
Rasmus Ristolainen,D,28,19.46,18.18,18.18,18.84
Ryan Suter,D,38,21.32,19.15,17.73,19.92
Damon Severson,D,28,18.09,18.33,18.52,18.69
Ben Chiarot,D,31,16.82,19.81,18.64,18.75
Brett Pesce,D,28,17.84,18.27,18.75,18.44
Andrew Peeke,D,25,,,,18.13
Tyler Myers,D,33,17.00,18.40,17.93,19.08
Artem Zub,D,27,,,16.12,18.90
TJ Brodie,D,32,18.54,18.01,19.10,18.77
Gustav Forsling,D,26,15.76,,16.91,18.53
Brady Skjei,D,29,18.76,17.93,17.91,18.52
Dante Fabbro,D,24,,18.07,17.42,17.89
Ryan Pulock,D,28,18.69,19.05,18.97,18.07
Neal Pionk,D,27,16.79,19.46,18.99,17.87
Martin Fehervary,D,23,,,,17.82
Mattias Ekholm,D,32,19.75,19.15,18.62,18.63
Connor McDavid,C,26,18.78,17.64,17.78,18.10
Mattias Samuelsson,D,23,,,,17.65
Ryan McDonagh,D,33,18.28,17.17,18.57,18.78
Noah Hanifin,D,26,17.95,18.06,18.65,17.55
Dougie Hamilton,D,29,17.53,17.73,18.28,18.21
Rasmus Andersson,D,26,14.66,17.57,17.62,17.92
Vince Dunn,D,26,15.28,14.66,17.50,18.14
Alexander Romanov,D,23,,,15.53,17.65
Ryan Lindgren,D,25,,14.29,17.30,17.79
Dysin Mayo,D,26,,,,17.85
Jonas Siegenthaler,D,25,,12.40,,18.10
Matt Roy,D,28,,16.57,16.85,18.13
Noah Dobson,D,23,,12.19,14.33,18.08
Shayne Gostisbehere,D,29,16.08,15.49,17.04,18.42
Oliver Ekman-Larsson,D,31,18.78,18.21,16.81,18.48
John Carlson,D,33,18.40,18.99,18.54,18.09
Jake Bean,D,24,,,13.29,18.30
Auston Matthews,C,25,15.96,17.61,18.11,17.35
John Marino,D,25,,17.35,17.50,17.27
Ryan Graves,D,27,,15.98,15.71,18.17
Mike Matheson,D,29,19.11,16.36,17.58,17.82
Cody Ceci,D,29,19.58,17.54,15.96,18.22
Jake Muzzin,D,34,18.39,18.69,18.41,17.84
Leon Draisaitl,C,27,18.08,17.70,17.26,17.54
Jeff Petry,D,35,18.46,19.14,18.34,18.02
Nate Schmidt,D,31,18.63,18.96,17.27,17.81
David Savard,D,32,17.93,18.55,17.66,17.84
Torey Krug,D,32,17.38,16.37,19.28,17.52
Justin Holl,D,31,,16.38,18.31,17.60
Mark Scheifele,C,30,17.10,18.16,17.54,17.53
Jake McCabe,D,29,16.74,16.15,,17.60
Patrick Kane,R,34,18.70,17.49,18.15,17.97
Jamie Oleksiak,D,30,14.27,15.13,18.82,17.38
Evan Bouchard,D,23,,,,16.78
Anton Stralman,D,36,17.53,18.30,16.58,18.24
Alexandre Carrier,D,26,,,,17.08
Erik Brannstrom,D,23,,13.08,,16.87
Nathan MacKinnon,C,27,17.90,16.91,16.23,17.31
Scott Mayfield,D,30,16.34,17.30,17.04,17.36
Ty Smith,D,23,,,17.36,16.06
Mike Reilly,D,29,16.75,15.93,16.47,17.39
Brandon Carlo,D,26,18.10,17.13,,16.79
Zach Whitecloud,D,26,,,15.87,17.04
Oliver Kylington,D,25,12.37,13.53,,16.96
Jacob Middleton,D,27,,,,16.85
Kevin Shattenkirk,D,34,16.07,17.07,18.36,17.22
Jack Hughes,C,21,,12.54,16.02,16.55
Jacob Bryson,D,25,,,16.52,16.62
Christopher Tanev,D,33,16.81,15.89,18.41,17.22
Jaycob Megna,D,30,,,,17.04
Matt Grzelcyk,D,29,16.84,15.37,16.55,17.05
Kyle Connor,L,26,15.05,16.67,15.50,16.94
Calvin de Haan,D,31,16.40,,16.63,17.19
Mikko Rantanen,R,26,16.73,15.39,15.90,16.99
P.K. Subban,D,33,18.53,17.95,18.72,16.81
Nicolas Hague,D,24,,15.06,14.71,16.68
Jack Eichel,C,26,16.37,18.01,,16.43
Erik Cernak,D,25,16.74,15.71,16.69,16.22
Brayden McNabb,D,32,16.61,16.77,16.74,17.00
Travis Hamonic,D,32,17.78,17.78,17.32,16.87
Nikita Zaitsev,D,31,17.56,18.87,19.58,16.10
Tony DeAngelo,D,27,17.24,16.11,,16.58
Brenden Dillon,D,32,16.58,17.23,17.05,16.97
Dylan Larkin,C,26,18.09,17.24,17.23,16.25
Josh Manson,D,31,19.01,17.87,,16.79
Duncan Keith,D,39,19.61,19.27,18.18,17.31
J.J. Moser,D,22,,,,15.94
Jake Guentzel,"C, L",28,16.70,17.09,17.17,16.45
Tobias Bjornfot,D,22,,,15.47,15.54
Alex DeBrincat,"L, R",25,14.31,13.94,16.17,16.54
Brandon Montour,D,29,18.96,17.66,18.14,15.90
Brett Kulak,D,29,17.34,16.84,15.92,16.51
Alex Goligoski,D,37,17.37,18.71,19.07,16.55
Justin Braun,D,36,17.89,15.15,16.01,17.31
Nikita Zadorov,D,27,15.44,15.86,17.34,15.93
Jordan Oesterle,D,30,16.07,15.30,15.10,16.89
Mitchell Marner,"C, R",25,15.88,16.04,17.33,15.72
Sean Durzi,D,24,,,,15.83
Tyler Bertuzzi,L,28,14.78,15.94,,16.15
Olli Maatta,D,28,15.71,16.19,14.98,16.36
Colin Miller,D,30,16.69,15.40,16.09,16.43
Rasmus Sandin,D,23,,,,15.47
Vladislav Kolyachonok,D,21,,,,15.30
Nick Suzuki,C,23,,13.50,14.97,15.85
Nick Holden,D,35,16.45,16.80,,16.56
Tyson Barrie,D,31,17.66,19.08,17.72,15.69
Brady Tkachuk,L,23,13.70,15.86,14.89,15.52
Dmitry Kulikov,D,32,14.58,18.39,16.85,16.06
Lucas Raymond,L,21,,,,15.26
Mark Giordano,D,39,18.26,18.38,17.53,16.71
Nicolas Meloche,D,25,,,,15.73
Jeremy Lauzon,D,25,,,15.54,15.67
Evander Kane,L,31,15.48,15.41,15.59,16.58
Timo Meier,R,26,14.63,14.38,14.13,16.35
Jared Spurgeon,D,33,19.35,17.49,17.18,16.11
Gabriel Landeskog,L,30,16.75,16.11,15.77,16.27
Clayton Keller,C,24,14.55,13.54,13.87,16.06
Nick Jensen,D,32,17.35,15.29,14.53,16.75
Sidney Crosby,C,35,17.20,16.07,17.20,16.47
Mathew Barzal,C,25,14.88,17.27,16.10,15.25
Artemi Panarin,L,31,17.02,16.81,15.66,16.20
Casey Fitzgerald,D,26,,,,15.57
Kirill Kaprizov,L,25,,,14.99,15.73
Trevor Zegras,C,22,,,,15.21
Brayden Point,C,27,15.46,15.48,14.93,15.82
Patrik Laine,R,24,13.69,16.09,15.16,15.35
Alexander Edler,D,36,18.79,18.14,17.10,16.19
Nikita Kucherov,R,29,16.20,15.22,,16.05
Marco Scandella,D,33,15.52,15.49,17.50,15.86
Will Butcher,D,28,16.38,16.22,,15.62
Nikolaj Ehlers,L,27,14.43,15.06,15.12,15.79
Pierre-Luc Dubois,C,24,15.24,15.11,13.39,15.76
Danny DeKeyser,D,33,19.21,,16.03,16.10
Jason Robertson,L,23,,,14.60,15.43
Braden Schneider,D,21,,,,14.88
Brock Boeser,R,26,15.55,14.35,15.62,15.46
Caleb Jones,D,25,,13.84,12.94,15.93
Troy Terry,R,25,12.03,12.61,12.86,16.15
Niko Mikkola,D,26,,,,15.42
Tucker Poolman,D,29,,16.44,16.80,15.29
Drake Batherson,R,24,,,13.25,15.61
Tim Stützle,L,21,,,12.90,15.00
Kyle Capobianco,D,25,,,,15.29
Adam Boqvist,D,22,,13.91,13.34,15.03
Timothy Liljegren,D,23,,,,15.02
Dylan DeMelo,D,29,17.10,17.04,14.24,15.79
Justin Schultz,D,32,,16.90,17.22,15.44
Marcus Pettersson,D,26,14.99,17.14,15.42,15.01
Kirby Dach,C,22,,12.59,,14.96
J.T. Miller,L,30,12.06,15.50,15.71,15.63
Ethan Bear,D,25,,19.20,15.56,14.56
Jaden Schwartz,L,30,15.25,15.08,14.94,15.91
Ilya Lyubushkin,D,29,13.44,13.93,15.53,15.47
Rickard Rakell,C,29,15.59,14.96,15.56,15.64
Boone Jenner,C,29,14.01,14.51,14.49,15.82
Derek Forbort,D,31,18.39,,17.83,14.93
Tomas Hertl,C,29,14.49,14.36,14.75,15.78
Radko Gudas,D,32,15.22,13.75,15.47,15.87
Johnny Gaudreau,L,29,16.70,15.81,14.85,15.53
Jon Merrill,D,31,16.50,16.52,16.53,15.09
Bo Horvat,C,28,16.90,15.50,15.92,15.02
Nico Hischier,C,24,14.55,14.32,,14.78
Matthew Tkachuk,L,25,14.37,15.30,14.81,14.91
Kailer Yamamoto,R,24,,,14.93,14.87
Zach Hyman,C,30,14.75,16.01,15.87,15.27
Connor Clifton,D,27,,13.73,16.75,14.71
Patrik Nemeth,D,31,13.26,18.47,15.65,14.98
Connor Brown,R,29,11.59,15.77,13.92,15.38
Gustav Lindstrom,D,24,,,,14.76
Anze Kopitar,C,35,17.49,16.27,15.89,15.69
Erik Gudbranson,D,31,16.13,17.01,15.39,15.13
Blake Wheeler,R,36,15.98,15.33,15.21,16.04
David Pastrnak,R,26,15.35,15.03,15.06,14.94
Alexander Barabanov,L,28,,,,15.17
Nick Schmaltz,C,27,14.35,13.21,14.25,15.29
Carson Soucy,D,28,,14.35,14.16,15.32
Josh Norris,C,23,,,13.81,14.76
Elias Pettersson,C,24,14.55,14.51,,14.71
Andrei Svechnikov,R,23,12.71,13.72,14.61,14.36
Robert Thomas,C,23,11.65,13.05,12.01,15.11
Haydn Fleury,D,26,,12.78,14.05,15.09
Chandler Stephenson,C,28,10.33,12.41,14.65,15.51
Oliver Bjorkstrand,R,28,11.08,15.41,15.89,14.72
Ben Hutton,D,29,18.22,16.63,16.06,14.69
William Nylander,C,26,13.62,15.22,14.08,14.92
Dawson Mercer,C,21,,,,14.35
Tyler Seguin,C,31,16.89,15.76,,15.10
Kale Clague,D,24,,,,14.56
Matt Duchene,C,32,16.10,14.07,13.36,15.78
Jesse Puljujarvi,R,24,11.48,,13.92,14.72
Mikael Granlund,C,31,15.17,14.49,14.64,15.36
Alex Ovechkin,L,37,16.48,15.65,15.31,15.80
Aleksander Barkov,C,27,16.77,15.38,15.49,14.66
Jonathan Marchessault,C,32,15.44,14.96,14.84,15.43
Anthony Beauvillier,"C, L",25,12.95,14.75,14.11,14.67
Dean Kukan,D,29,,14.95,14.06,15.17
Sebastian Aho,"C, R",25,16.02,14.73,14.85,14.06
Evgeny Kuznetsov,C,30,14.91,14.44,14.04,15.41
Anthony Cirelli,C,25,11.84,14.62,13.72,14.73
John Tavares,C,32,16.29,16.41,15.50,15.03
Josh Anderson,R,28,14.31,,14.33,15.00
Zdeno Chara,D,46,17.96,17.63,15.29,16.87
Filip Forsberg,L,28,14.54,13.97,15.28,14.90
Brayden Schenn,C,31,15.55,15.32,16.01,14.86
Elias Lindholm,C,28,14.54,14.67,14.33,14.91
Travis Konecny,"C, R",26,13.62,13.77,13.61,14.69
Mark Stone,R,30,16.22,14.91,14.76,14.97
Marc Staal,D,36,16.49,14.75,16.19,15.10
Jordan Kyrou,C,24,,,13.15,14.56
Bryan Rust,R,30,13.78,15.29,16.55,14.55
Ryan Strome,"C, R",29,13.12,14.39,14.18,14.99
Travis Dermott,D,26,16.12,16.00,12.68,14.66
Conor Garland,R,27,10.38,12.02,14.99,14.72
Alex Wennberg,C,28,,,13.69,14.88
Mika Zibanejad,C,29,15.72,15.25,14.12,14.81
Riley Stillman,D,25,,16.53,,13.91
Cam Dineen,D,24,,,,14.22
Ryan Getzlaf,C,37,16.13,15.40,14.12,15.63
Jordan Eberle,"C, R",32,13.65,15.12,14.36,15.09
Jesper Bratt,L,24,12.83,11.83,13.20,14.65
Jan Rutta,D,32,14.43,13.86,14.36,15.13
Andy Greene,D,40,16.63,16.11,15.57,15.60
Ryan O'Reilly,C,32,15.90,15.50,16.06,14.58
Yegor Sharangovich,C,24,,,13.96,14.26
Sam Reinhart,C,27,15.67,17.10,16.43,13.75
William Karlsson,C,30,14.89,14.91,14.20,14.74
Ryan Merkley,D,22,,,,13.87
Robby Fabbri,C,27,11.70,13.57,,14.48
Dylan Strome,C,26,13.14,13.27,12.34,14.68
Pavel Buchnevich,"L, R",27,13.21,14.53,14.20,14.41
Will Borgen,D,26,,,,14.27
Brock Nelson,C,31,14.72,15.17,14.67,14.69
Andrew Copp,C,28,10.76,14.13,13.88,14.61
Mark Pysyk,D,31,16.43,11.93,10.79,15.72
Thomas Harley,D,21,,,,13.60
Cole Caufield,R,22,,,,13.78
Claude Giroux,C,35,16.20,14.82,14.73,15.01
Mats Zuccarello,R,35,15.33,13.37,14.28,15.38
Kaapo Kakko,R,22,,11.98,12.99,13.74
Adam Henrique,C,33,13.03,13.82,13.30,15.14
Trevor van Riemsdyk,D,31,13.93,13.54,,14.64
Tage Thompson,"C, R",25,11.26,,12.53,14.39
Jack Johnson,D,36,16.66,17.11,,14.63
Carter Verhaeghe,C,27,,8.96,16.09,14.62
Max Pacioretty,L,34,14.23,15.33,15.03,14.70
Roope Hintz,L,26,12.02,12.34,14.15,14.31
Erik Johnson,D,35,18.37,17.53,,14.44
Jonathan Drouin,L,28,13.99,,13.69,14.29
Valeri Nichushkin,R,28,11.28,11.87,11.74,14.93
Phillip Danault,L,30,14.78,14.78,14.10,14.35
Tom Wilson,R,29,14.48,14.30,13.26,14.44
Robert Hagg,D,28,15.12,14.35,13.91,14.05
Pavel Zacha,C,26,12.19,12.47,13.08,14.25
Josh Mahura,D,24,,,,13.80
Zach Bogosian,D,32,18.62,,13.03,14.87
Ian Cole,D,34,16.40,15.17,14.37,14.60
Alex Iafallo,"C, L",29,14.80,14.91,15.05,14.09
Joel Farabee,L,23,,12.39,12.51,13.72
Joe Pavelski,C,38,15.35,13.41,15.17,15.21
Michael Bunting,L,27,,,,14.14
Jani Hakanpaa,D,31,,,15.93,13.86
Nazem Kadri,C,32,13.59,13.41,13.38,14.87
Dylan Cozens,C,22,,,12.55,13.48
Yanni Gourde,C,31,12.66,11.81,13.64,14.88
Alex Tuch,R,26,14.24,12.66,14.00,14.03
Ryan Hartman,L,28,12.42,11.01,12.49,14.82
Viktor Arvidsson,L,30,14.95,13.09,14.32,14.30
Anders Lee,L,32,14.17,15.92,,14.19
Pius Suter,C,26,,,14.39,13.81
Matthew Benning,D,28,13.13,12.47,14.20,14.05
David Perron,L,34,14.72,15.23,15.78,14.26
Marc-Edouard Vlasic,D,36,17.66,17.13,15.01,14.26
Logan Couture,C,34,14.12,14.02,14.69,14.49
Kevin Fiala,L,26,13.40,12.83,13.39,14.00
Evgeni Malkin,C,36,15.32,15.78,14.58,14.54
Erik Gustafsson,D,34,19.41,17.36,,14.13
Andre Burakovsky,L,28,10.83,12.69,12.89,14.23
Adrian Kempe,"C, L",26,12.59,12.54,12.69,14.14
Kevin Hayes,C,30,14.40,13.96,13.67,14.29
Nicholas Paul,L,28,,,,13.91
Luke Schenn,D,33,,,10.41,15.26
Ryan Nugent-Hopkins,C,30,15.16,14.86,14.65,13.82
Vladimir Tarasenko,R,31,15.40,,,14.16
Steven Stamkos,C,33,14.08,14.54,13.91,14.34
Jonathan Huberdeau,L,29,15.27,15.05,14.03,13.89
Martin Necas,C,24,,12.28,14.49,13.20
Jeff Skinner,L,30,15.43,13.99,13.19,14.25
Joel Eriksson Ek,C,26,11.95,13.51,14.10,13.41
Gustav Nyquist,R,33,15.35,14.77,,14.19
Reilly Smith,R,32,14.29,14.03,13.83,14.20
Anthony Mantha,R,28,15.47,15.73,15.47,13.28
Scott Laughton,C,28,12.44,12.62,13.40,14.07
Chris Kreider,L,31,14.73,13.72,13.36,14.28
Simon Benoit,D,24,,,,13.34
Ondrej Palat,L,32,12.74,13.97,14.14,14.04
Paul Stastny,C,37,14.98,13.63,14.37,14.66
Rudolfs Balcers,L,26,10.67,,13.11,13.55
Jakub Voracek,R,33,15.36,13.96,14.24,14.18
Josh Bailey,R,33,14.32,13.57,14.53,14.18
Radek Faksa,C,29,13.93,12.90,13.86,13.79
Sam Bennett,C,26,11.54,11.60,12.24,13.94
Ryan Murray,D,29,18.31,,16.77,12.94
Lawson Crouse,L,25,11.56,12.08,11.98,13.76
Brandon Hagel,L,24,,,12.52,13.43
Matt Boldy,L,22,,,,12.99
Taylor Hall,L,31,16.24,15.42,15.23,13.48
Isac Lundestrom,C,23,,,13.36,13.10
Barrett Hayton,C,22,,,,13.10
Logan Stanley,D,24,,,12.87,13.15
Kris Russell,D,35,18.25,14.33,16.19,13.65
Tanner Pearson,L,30,12.54,13.74,14.11,13.74
Noah Gregor,C,24,,,,13.27
Jean-Gabriel Pageau,C,30,14.93,15.13,13.58,13.63
Brad Marchand,L,34,14.89,14.08,14.06,14.11
Brad Hunt,D,34,12.47,12.70,,14.09
Jamie Benn,L,33,15.22,13.66,14.63,13.92
Victor Olofsson,L,27,,14.92,14.37,13.08
Cam Atkinson,R,33,15.36,13.94,14.88,13.80
Christian Dvorak,"C, L",27,,13.62,13.61,13.21
Mike Hoffman,L,33,14.38,13.04,13.09,14.25
Alexis Lafrenière,L,21,,,12.56,12.75
Charlie Coyle,C,31,14.00,13.95,12.96,13.80
Nicklas Backstrom,C,35,15.31,14.95,15.18,13.71
Kyle Palmieri,R,32,14.58,13.63,13.68,13.73
Barclay Goodrow,R,30,9.51,12.80,12.53,13.80
Alexandre Texier,C,23,,12.08,13.68,12.71
Mikael Backlund,C,34,14.85,14.79,14.12,13.65
Travis Boyd,C,29,8.99,,9.67,14.20
Casey Mittelstadt,C,24,11.68,10.97,13.39,13.08
Phil Kessel,R,35,14.71,13.92,14.20,13.91
Ivan Barbashev,C,27,9.87,11.66,11.26,13.85
Vincent Trocheck,C,29,15.56,14.19,14.30,13.20
Anton Lundell,C,21,,,,12.69
Andrej Sustr,D,32,,,,13.58
Jordie Benn,D,35,15.37,13.82,13.37,14.00
Cole Sillinger,C,19,,,,12.37
Dylan Coghlan,D,25,,,,12.87
Victor Mete,D,24,16.57,15.29,,12.54
Teuvo Teravainen,L,28,14.28,14.33,,13.16
Seth Jarvis,C,21,,,,12.49
Jordan Greenway,L,26,12.93,12.88,14.00,12.75
Jared McCann,C,26,12.53,13.01,12.06,13.26
Jake DeBrusk,L,26,13.27,13.39,12.71,13.08
Mason Marchment,L,27,,,13.14,13.21
Mason Appleton,C,27,7.89,10.08,12.87,13.50
Jason Zucker,L,31,14.66,13.84,14.29,13.25
Chad Ruhwedel,D,32,,13.38,,13.54
Cal Foote,D,24,,,12.21,12.84
Brandon Saad,L,30,14.50,13.71,12.25,13.59
Jordan Staal,C,34,14.64,13.96,13.78,13.70
Kasperi Kapanen,R,26,14.21,12.81,13.90,12.87
Nino Niederreiter,R,30,13.96,12.86,14.18,13.34
Jake Walman,D,27,,,,13.00
Nicolas Roy,C,26,,,11.80,13.16
Alexander Kerfoot,C,28,12.75,13.16,12.28,13.36
Vinnie Hinostroza,L,29,13.77,12.23,,13.32
Sonny Milano,L,26,,11.81,,13.13
T.J. Oshie,R,36,14.66,14.44,14.46,13.62
Ryan Johansen,C,30,15.10,13.33,13.67,13.29
Marcus Johansson,L,32,13.40,14.31,12.78,13.54
Jeff Carter,C,38,14.43,13.66,13.40,14.13
Tanner Jeannot,L,25,,,,12.92
Filip Zadina,R,23,,,14.59,12.26
Alex Formenton,L,23,,,,12.71
Johan Larsson,C,30,11.86,12.77,12.13,13.58
Trevor Moore,L,28,,10.85,12.40,13.39
Alex Killorn,L,33,11.57,13.01,13.02,13.68
Andreas Johnsson,L,28,12.09,13.44,12.15,13.20
Max Comtois,L,24,,,13.62,12.34
Rem Pitlick,C,26,,,,12.82
Peyton Krebs,C,22,,,,12.36
Andrew Mangiapane,L,27,10.02,13.03,13.49,12.64
Jonathan Toews,C,34,15.98,14.47,,13.36
Nils Hoglander,L,22,,,13.97,12.06
Joe Veleno,C,23,,,,12.42
James van Riemsdyk,L,33,13.82,12.25,13.78,13.46
Jake Evans,C,26,,,9.83,13.29
Filip Chytil,C,23,12.32,13.48,12.43,12.08
Evgenii Dadonov,R,34,15.00,13.63,12.62,13.41
Radim Simek,D,30,14.31,15.31,12.75,12.85
Dominik Kubalik,L,27,,12.30,12.98,12.81
Tyler Toffoli,C,30,13.85,13.67,14.23,12.76
Frederick Gaudreau,C,29,8.98,,,12.97
Jack Roslovic,C,26,9.10,13.50,14.87,11.96
Erik Haula,"C, L",32,,12.70,12.46,13.33
Evan Rodrigues,L,29,12.80,10.05,12.45,13.44
Lars Eller,C,33,12.91,12.75,13.48,13.30
Lucas Carlsson,D,25,,,,12.51
Sean Kuraly,C,30,12.40,11.54,12.13,13.27
Yakov Trenin,C,26,,,11.23,12.80
Janne Kuokkanen,"C, L",24,,,13.49,12.21
Jakob Silfverberg,R,32,13.28,13.55,13.10,13.10
Ilya Mikheyev,R,28,,13.52,12.46,12.74
Jesper Fast,R,31,13.87,14.07,12.92,12.93
Michael Rasmussen,C,23,10.27,,11.95,12.31
Blake Coleman,C,31,13.56,13.49,12.80,13.02
Alex Newhook,C,22,,,,12.08
Conor Sheary,L,30,12.89,11.86,12.62,13.14
Rasmus Asplund,C,25,,,,12.50
Kyle Okposo,R,34,11.88,12.01,12.15,13.59
Tomas Tatar,L,32,14.10,14.06,12.86,12.97
Teddy Blueger,C,28,,13.22,12.66,12.64
Vasily Podkolzin,R,21,,,,12.03
Luke Kunin,C,25,13.13,13.19,12.96,12.12
Brock McGinn,L,29,11.81,10.69,12.77,12.90
Brendan Gallagher,R,30,13.89,14.77,12.94,12.54
Calle Jarnkrok,C,31,12.74,12.54,13.10,12.93
Anthony Duclair,L,27,11.05,12.75,13.70,12.28
Gavin Bayreuther,D,28,,,,12.56
Patrice Bergeron,C,37,13.51,13.29,13.09,13.40
Denis Gurianov,R,25,,11.02,13.58,12.17
J.T. Compher,L,28,12.46,12.37,10.62,12.85
Brendan Smith,D,34,13.65,8.98,14.94,12.81
David Kampf,C,28,11.95,11.36,12.20,12.67
Jesper Boqvist,C,24,,10.05,,12.43
Marcus Foligno,L,31,10.11,12.66,13.08,12.81
Vladislav Namestnikov,C,30,12.76,11.70,13.57,12.72
Zach Sanford,L,28,11.85,12.56,12.40,12.56
Mattias Janmark,C,30,13.40,12.27,13.55,12.61
Josh Brown,D,29,12.41,12.85,,12.37
Max Domi,L,28,14.74,14.69,13.57,11.81
Kyle Burroughs,D,27,,,,12.33
Colton Sissons,C,29,12.90,11.78,11.78,12.80
Frank Vatrano,C,29,12.98,12.21,12.76,12.31
Andrej Sekera,D,36,,15.58,12.83,12.80
Oskar Lindblom,L,26,11.84,,11.13,12.39
Sean Monahan,C,28,15.71,15.13,13.93,11.68
Morgan Frost,C,23,,,,11.93
Quinton Byfield,C,20,,,,11.53
Kevin Connauton,D,33,15.47,,,12.57
Dustin Brown,R,38,16.13,15.20,14.53,12.60
Warren Foegele,L,27,11.08,12.49,12.99,11.87
Adam Erne,L,27,9.73,10.85,12.34,12.32
Nick Bonino,C,34,12.71,12.47,11.02,13.13
Zemgus Girgensons,C,29,11.14,11.55,,12.34
Sam Steel,C,25,,13.33,12.82,11.32
Craig Smith,R,33,12.61,11.08,13.29,12.74
Ryan Dzingel,L,31,15.02,11.86,10.93,12.73
Eeli Tolvanen,R,23,,,12.47,11.54
Matt Nieto,L,30,11.10,11.02,,12.52
Artturi Lehkonen,L,27,12.73,12.82,11.20,12.11
Nick Seeler,D,29,11.51,,,12.19
Ondrej Kase,R,27,,13.94,,11.80
Adam Lowry,C,30,12.25,12.44,12.18,12.20
Dryden Hunt,L,27,10.96,,,12.06
Jason Dickinson,C,27,11.80,12.65,14.31,11.46
Jonathan Dahlen,C,25,,,,11.85
Philipp Kurashev,C,23,,,11.55,11.56
Owen Tippett,R,24,,,10.61,11.72
Gerry Mayhew,C,30,,,,12.19
Chris Wideman,D,33,,,,12.26
Tyler Motte,"C, L",28,11.02,10.97,,12.06
Alex Galchenyuk,C,29,12.52,10.59,11.66,12.29
Michael Amadio,C,26,9.54,11.35,,11.89
Laurent Dauphin,C,28,,,,11.91
Mathieu Joseph,R,26,10.47,10.56,10.24,11.98
Daniel Sprong,R,26,10.67,,10.99,11.78
Jesperi Kotkaniemi,C,22,11.80,11.26,12.80,10.81
Jimmy Vesey,L,29,13.08,12.45,11.08,12.12
Yegor Chinakhov,R,22,,,,11.22
Logan O'Connor,R,26,,,,11.72
Dillon Dube,C,24,,11.84,12.28,11.15
Michael Raffl,L,34,10.42,10.95,11.97,12.64
William Lagesson,D,27,,,,11.61
Cody Eakin,C,31,12.92,12.23,11.22,12.26
Maxim Mamin,C,28,,,,11.78
Danton Heinen,C,27,12.47,12.11,12.51,11.51
Gabriel Carlsson,D,26,,,,11.49
Anders Bjork,L,26,,12.00,12.20,11.40
Ryan Donato,C,27,11.62,9.79,10.83,11.91
Eetu Luostarinen,C,24,,,10.99,11.44
Pierre Engvall,L,26,,10.54,11.26,11.70
Zach Aston-Reese,C,28,11.64,12.22,12.71,11.47
Oskar Sundqvist,C,29,11.76,12.44,,11.62
Joel Armia,R,29,12.49,13.58,12.40,11.45
Justin Danforth,R,30,,,,11.79
Kieffer Bellows,L,24,,,,11.35
Michael McLeod,C,25,,,12.06,11.10
Nick Ritchie,L,27,12.65,12.45,12.56,11.19
Zack Kassian,R,32,13.45,15.08,,11.42
Keith Yandle,D,36,18.50,15.82,12.75,11.78
Alexander Radulov,R,36,16.66,14.08,,11.92
Keegan Kolesar,R,26,,,9.49,11.62
Casey Cizikas,C,32,11.99,11.86,11.95,11.80
Carl Hagelin,L,34,12.72,11.24,11.38,12.30
Joonas Donskoi,R,31,12.78,13.49,11.10,11.56
Aliaksei Protas,C,22,,,,10.84
Eric Robinson,L,27,,10.79,11.28,11.50
Luke Glendening,C,33,13.13,12.35,12.21,11.81
Ross Colton,C,26,,,,11.34
Christian Fischer,R,25,11.48,10.87,10.59,11.21
Chris Tierney,C,28,13.61,13.85,12.82,10.83
Nic Dowd,C,32,8.63,8.23,11.87,12.23
Zach Parise,L,38,14.59,13.41,11.85,12.14
Max Willman,C,28,,,,11.34
Blake Lizotte,C,25,,11.77,11.07,10.90
Garnet Hathaway,R,31,8.63,9.36,10.91,12.07
Trent Frederic,C,25,,,10.70,10.99
Arthur Kaliyev,R,21,,,,10.66
Matthew Highmore,C,27,,9.34,10.42,11.48
Tyson Jost,C,25,10.91,10.73,11.79,10.66
Joel Hanley,D,31,,,12.49,11.25
Robert Bortuzzo,D,34,13.06,10.59,12.44,11.57
Mark Borowiecki,D,33,14.07,15.44,,11.25
Victor Rask,C,30,10.52,10.13,12.37,11.32
Dylan Gambrell,C,26,,10.27,13.62,10.65
Ryan McLeod,C,23,,,,10.82
Nick Foligno,L,35,14.37,15.21,14.04,10.93
Oliver Wahlstrom,R,22,,,10.56,10.56
Cal Clutterbuck,R,35,10.86,11.11,11.49,11.94
Rasmus Kupari,C,23,,,,10.66
Andrew Ladd,L,37,,,,11.71
Kevin Rooney,C,29,10.67,9.52,10.34,11.64
Tomas Nosek,L,30,10.35,10.21,11.56,11.43
Sam Lafferty,"C, R",28,,8.97,9.56,11.58
Morgan Geekie,C,24,,,8.60,11.09
William Carrier,L,28,9.85,9.72,10.26,11.36
Derek Grant,C,32,9.95,10.69,11.64,11.43
Connor McMichael,C,22,,,,10.36
Karson Kuhlman,C,27,,,,10.92
Ryan Poehling,C,24,,,,10.52
Corey Perry,R,37,12.95,11.48,11.49,11.76
Carl Grundstrom,R,25,,,11.50,10.51
Derick Brassard,C,35,13.28,11.87,12.31,11.30
Nick Cousins,C,29,12.65,11.91,11.65,10.77
Vinni Lettieri,C,28,,,,10.85
Jake Leschyshyn,C,24,,,,10.47
Taylor Raddysh,R,25,,,,10.53
Evgeny Svechnikov,R,26,,,,10.69
Philip Tomasino,C,21,,,,10.16
Juho Lammikko,R,27,9.12,,9.74,10.81
Marian Studenic,"L, R",24,,,,10.47
Milan Lucic,L,34,11.88,11.65,12.10,11.09
Jacob Peterson,C,23,,,,10.33
Colin Blackwell,C,30,,,12.17,10.60
Brett Howden,C,25,12.31,10.76,10.29,10.09
Brendan Lemieux,L,27,8.68,10.93,9.54,10.55
Tyler Ennis,"C, L",33,8.33,12.45,,10.86
Loui Eriksson,L,37,11.60,10.76,,11.40
Jay Beagle,C,37,10.96,9.40,,11.56
Matt Martin,L,33,11.14,10.11,10.45,11.28
Steven Lorentz,C,27,,,10.16,10.42
Curtis Lazar,C,28,,10.03,11.09,10.34
Sam Gagner,C,33,13.14,12.03,12.14,10.57
Patrick Brown,C,30,,,,10.67
Jordan Martinook,L,30,12.75,9.89,11.40,10.64
Nathan Bastian,R,25,,,11.15,10.01
Andrew Cogliano,"C, L",35,11.18,10.84,12.32,10.79
Adam Gaudette,C,26,9.57,10.74,10.06,10.15
Patric Hornqvist,R,36,12.72,12.62,12.67,10.54
Tyler Pitlick,R,31,11.88,10.84,12.31,10.32
Pat Maroon,L,34,12.19,10.78,9.86,11.07
Dominik Simon,C,28,12.48,13.65,,9.85
Sam Carrick,C,31,,,,10.46
Nico Sturm,C,27,,,9.57,10.25
Jasper Weatherby,C,25,,,,9.89
John Hayden,"L, R",28,8.54,9.36,,10.21
Austin Watson,L,31,12.70,10.46,9.81,10.49
Nicolas Aube-Kubel,R,26,,10.24,10.91,9.73
Tyler Bozak,C,37,12.68,12.28,11.67,10.47
Emil Bemstrom,C,23,,10.88,,9.42
Julien Gauthier,R,25,,,,9.88
Pierre-Edouard Bellemare,L,38,10.41,11.18,9.10,11.12
Scott Reedy,C,24,,,,9.62
Logan Brown,C,25,,,,9.72
Parker Kelly,"C, L",23,,,,9.60
Ryan Lomberg,L,28,,,9.22,10.16
Henrik Borgstrom,C,25,10.85,,,9.77
Nick Bjugstad,C,30,13.60,,10.76,10.04
Ryan Carpenter,C,32,11.15,11.37,9.42,10.25
Trevor Lewis,C,36,12.48,10.91,8.01,11.00
Derek Stepan,C,32,14.58,13.96,,9.77
Nicolas Deslauriers,L,32,9.60,9.57,11.10,10.09
Ross Johnston,L,29,,7.91,,10.18
MacKenzie Entwistle,R,23,,,,9.47
Anton Blidh,L,28,,,,9.79
Ryan Reaves,R,36,10.13,9.84,9.86,10.56
Antoine Roussel,L,33,12.83,10.39,9.51,10.34
Brandon Duhaime,R,25,,,,9.56
Brett Ritchie,R,29,8.94,,11.20,9.63
Riley Sheahan,C,31,11.36,10.28,10.85,9.81
Reese Johnson,C,24,,,,9.40
Boris Katchouk,L,24,,,,9.24
Joel Kiviranta,L,27,,,,9.43
Jansen Harkins,C,25,,,,9.32
Zack MacEwen,C,26,,,8.51,9.50
Connor Dewar,C,23,,,,9.08
Alex Chiasson,R,32,13.74,10.79,9.45,9.73
Klim Kostin,C,23,,,,8.97
Riley Nash,C,33,10.46,10.68,11.29,9.39
Brett Leason,R,23,,,,8.93
Greg McKegg,C,30,10.48,8.57,,9.62
Liam O'Brien,C,28,,,,9.32
Derek Ryan,C,36,10.18,11.96,9.87,9.60
Michael McCarron,R,28,,,,9.15
Joe Thornton,C,43,13.61,13.33,11.74,9.78
Jonah Gadjovich,L,24,,,,8.71
Wayne Simmonds,R,34,12.91,12.22,10.13,9.06
Kristian Vesalainen,L,23,,,,8.54
Brad Richardson,"C, R",38,13.14,11.00,,9.45
Darren Helm,C,36,12.63,12.02,12.69,8.59
Jeffrey Viel,L,26,,,,8.70
Devin Shore,C,28,11.73,10.75,9.67,8.36
Nate Thompson,C,38,10.89,10.48,8.23,9.71
Givani Smith,R,25,,,,8.43
Buddy Robinson,R,31,,,,8.64
Brian Boyle,C,38,9.27,10.88,,8.80
Jason Spezza,C,39,11.05,9.54,8.84,9.14
Michael Pezzetta,L,25,,,,7.63
Colton Sceviour,C,33,10.20,10.61,8.25,7.89
Kurtis MacDermid,D,29,,12.42,,7.28
Dominic Toninato,C,29,,10.41,,6.83