,Player,Position,Age,Height,Weight,GP,EV ATOI,PP ATOI,PK ATOI,EV G/60,PP G/60,PK G/60,EV A1/60,PP A1/60,PK A1/60,EV A2/60,PP A2/60,PK A2/60
1,A.J. Greer,L,21.8,75,208,0.0,0.0,0.0,0.0,0.0,0.0,,0.0,0.0,,0.0,0.0,
2,Aaron Ekblad,D,22.6,76,215,0.0,0.0,0.0,0.0,0.0,0.0,0.0,0.0,0.0,0.0,0.0,,0.0
3,Aaron Ness,D,28.4,70,184,0.0,0.0,0.0,0.0,0.0,,0.0,0.0,,0.0,0.0,,0.0
4,Adam Clendening,D,25.9,72,194,0.0,0.0,0.0,0.0,0.0,0.0,0.0,0.0,0.0,0.0,0.0,,0.0
5,Adam Cracknell,R,33.2,74,209,0.0,0.0,0.0,0.0,0.0,,0.0,0.0,,0.0,0.0,,0.0
6,Adam Erne,L,23.4,73,212,0.0,0.0,0.0,0.0,0.0,0.0,0.0,0.0,0.0,0.0,0.0,0.0,0.0
7,Adam Gaudette,C,22.0,73,194,0.0,0.0,0.0,0.0,0.0,0.0,,0.0,0.0,,0.0,0.0,
8,Adam Henrique,C,28.6,72,195,0.0,0.0,0.0,0.0,0.0,0.0,0.0,0.0,0.0,0.0,0.0,0.0,0.0
9,Adam Larsson,D,25.9,75,209,0.0,0.0,0.0,0.0,0.0,0.0,0.0,0.0,0.0,0.0,0.0,,0.0
10,Adam Lowry,C,25.5,78,208,0.0,0.0,0.0,0.0,0.0,0.0,0.0,0.0,0.0,0.0,0.0,0.0,0.0
11,Adam McQuaid,D,32.0,76,210,0.0,0.0,0.0,0.0,0.0,0.0,0.0,0.0,0.0,0.0,0.0,,0.0
12,Adam Pelech,D,24.1,75,210,0.0,0.0,0.0,0.0,0.0,0.0,0.0,0.0,0.0,0.0,0.0,,0.0
13,Adrian Kempe,"C, R",22.0,74,200,0.0,0.0,0.0,0.0,0.0,0.0,0.0,0.0,0.0,0.0,0.0,0.0,0.0
14,Alan Quine,C,25.6,72,203,0.0,0.0,0.0,0.0,0.0,0.0,0.0,0.0,0.0,0.0,0.0,0.0,0.0
15,Alec Martinez,D,31.2,73,210,0.0,0.0,0.0,0.0,0.0,0.0,0.0,0.0,0.0,0.0,0.0,,0.0
16,Aleksander Barkov,C,23.1,75,215,0.0,0.0,0.0,0.0,0.0,0.0,0.0,0.0,0.0,0.0,0.0,0.0,0.0
17,Ales Hemsky,R,35.1,72,177,0.0,0.0,0.0,0.0,0.0,0.0,0.0,0.0,0.0,0.0,0.0,0.0,0.0
18,Alex Biega,D,30.5,70,195,0.0,0.0,0.0,0.0,0.0,0.0,0.0,0.0,0.0,0.0,0.0,,0.0
19,Alex Broadhurst,C,25.6,72,178,0.0,0.0,0.0,0.0,0.0,0.0,,0.0,0.0,,0.0,0.0,
20,Alex Chiasson,R,28.0,76,208,0.0,0.0,0.0,0.0,0.0,0.0,0.0,0.0,0.0,0.0,0.0,0.0,0.0
21,Alex DeBrincat,R,20.8,68,178,0.0,0.0,0.0,0.0,0.0,0.0,0.0,0.0,0.0,0.0,0.0,0.0,0.0
22,Alex Formenton,L,19.1,75,195,0.0,0.0,0.0,0.0,0.0,,,0.0,,,0.0,,
23,Alex Galchenyuk,C,24.6,73,194,0.0,0.0,0.0,0.0,0.0,0.0,0.0,0.0,0.0,0.0,0.0,0.0,0.0
24,Alex Goligoski,D,33.2,71,173,0.0,0.0,0.0,0.0,0.0,0.0,0.0,0.0,0.0,0.0,0.0,,0.0
25,Alex Iafallo,L,24.8,72,200,0.0,0.0,0.0,0.0,0.0,0.0,0.0,0.0,0.0,0.0,0.0,0.0,0.0
26,Alex Killorn,L,29.0,73,194,0.0,0.0,0.0,0.0,0.0,0.0,0.0,0.0,0.0,0.0,0.0,0.0,0.0
27,Alex Ovechkin,L,33.0,75,238,0.0,0.0,0.0,0.0,0.0,0.0,0.0,0.0,0.0,0.0,0.0,0.0,0.0
28,Alex Petrovic,D,26.6,76,210,0.0,0.0,0.0,0.0,0.0,0.0,0.0,0.0,0.0,0.0,0.0,,0.0
29,Alex Pietrangelo,D,28.7,75,215,0.0,0.0,0.0,0.0,0.0,0.0,0.0,0.0,0.0,0.0,0.0,,0.0
30,Alex Tuch,R,22.4,76,219,0.0,0.0,0.0,0.0,0.0,0.0,0.0,0.0,0.0,0.0,0.0,0.0,0.0
31,Alexander Burmistrov,C,26.9,73,180,0.0,0.0,0.0,0.0,0.0,0.0,0.0,0.0,0.0,0.0,0.0,0.0,0.0
32,Alexander Edler,D,32.4,76,210,0.0,0.0,0.0,0.0,0.0,0.0,0.0,0.0,0.0,0.0,0.0,,0.0
33,Alexander Kerfoot,C,24.1,71,186,0.0,0.0,0.0,0.0,0.0,0.0,0.0,0.0,0.0,0.0,0.0,0.0,0.0
34,Alexander Nylander,R,20.6,73,192,0.0,0.0,0.0,0.0,0.0,0.0,,0.0,0.0,,0.0,0.0,
35,Alexander Radulov,R,32.2,73,200,0.0,0.0,0.0,0.0,0.0,0.0,0.0,0.0,0.0,0.0,0.0,0.0,0.0
36,Alexander Steen,L,34.6,72,211,0.0,0.0,0.0,0.0,0.0,0.0,0.0,0.0,0.0,0.0,0.0,0.0,0.0
37,Alexander Wennberg,C,24.0,74,190,0.0,0.0,0.0,0.0,0.0,0.0,0.0,0.0,0.0,0.0,0.0,0.0,0.0
38,Alexandre Burrows,R,37.5,73,197,0.0,0.0,0.0,0.0,0.0,0.0,0.0,0.0,0.0,0.0,0.0,0.0,0.0
39,Alexei Emelin,D,32.4,74,218,0.0,0.0,0.0,0.0,0.0,0.0,0.0,0.0,0.0,0.0,0.0,,0.0
40,Anders Bjork,L,22.2,72,190,0.0,0.0,0.0,0.0,0.0,0.0,0.0,0.0,0.0,0.0,0.0,0.0,0.0
41,Anders Lee,L,28.2,75,235,0.0,0.0,0.0,0.0,0.0,0.0,0.0,0.0,0.0,0.0,0.0,0.0,0.0
42,Andre Burakovsky,L,23.6,75,209,0.0,0.0,0.0,0.0,0.0,0.0,0.0,0.0,0.0,0.0,0.0,0.0,0.0
43,Andreas Athanasiou,C,24.2,74,190,0.0,0.0,0.0,0.0,0.0,0.0,0.0,0.0,0.0,0.0,0.0,0.0,0.0
44,Andreas Borgman,D,23.3,72,200,0.0,0.0,0.0,0.0,0.0,0.0,0.0,0.0,0.0,0.0,0.0,,0.0
45,Andreas Englund,D,22.7,75,189,0.0,0.0,0.0,0.0,0.0,,0.0,0.0,,0.0,0.0,,0.0
46,Andreas Johnsson,L,23.9,70,195,0.0,0.0,0.0,0.0,0.0,0.0,0.0,0.0,0.0,0.0,0.0,0.0,0.0
47,Andreas Martinsen,L,28.3,75,225,0.0,0.0,0.0,0.0,0.0,0.0,0.0,0.0,0.0,0.0,0.0,0.0,0.0
48,Andrei Mironov,D,24.2,75,194,0.0,0.0,0.0,0.0,0.0,,0.0,0.0,,0.0,0.0,,0.0
49,Andrej Sekera,D,32.3,72,200,0.0,0.0,0.0,0.0,0.0,0.0,0.0,0.0,0.0,0.0,0.0,,0.0
50,Andrej Sustr,D,27.8,79,217,0.0,0.0,0.0,0.0,0.0,0.0,0.0,0.0,0.0,0.0,0.0,,0.0
51,Andrew Cogliano,C,31.3,70,179,0.0,0.0,0.0,0.0,0.0,0.0,0.0,0.0,0.0,0.0,0.0,0.0,0.0
52,Andrew Copp,C,24.2,73,199,0.0,0.0,0.0,0.0,0.0,0.0,0.0,0.0,0.0,0.0,0.0,0.0,0.0
53,Andrew Crescenzi,C,26.2,77,207,0.0,0.0,0.0,0.0,0.0,,0.0,0.0,,0.0,0.0,,0.0
54,Andrew Ladd,L,32.8,75,205,0.0,0.0,0.0,0.0,0.0,0.0,0.0,0.0,0.0,0.0,0.0,0.0,0.0
55,Andrew MacDonald,D,32.1,73,204,0.0,0.0,0.0,0.0,0.0,0.0,0.0,0.0,0.0,0.0,0.0,,0.0
56,Andrew Mangiapane,L,22.5,70,184,0.0,0.0,0.0,0.0,0.0,0.0,,0.0,0.0,,0.0,0.0,
57,Andrew Shaw,R,27.2,71,182,0.0,0.0,0.0,0.0,0.0,0.0,0.0,0.0,0.0,0.0,0.0,0.0,0.0
58,Andy Andreoff,C,27.4,73,208,0.0,0.0,0.0,0.0,0.0,0.0,0.0,0.0,0.0,0.0,0.0,0.0,0.0
59,Andy Greene,D,35.9,71,190,0.0,0.0,0.0,0.0,0.0,0.0,0.0,0.0,0.0,0.0,0.0,,0.0
60,Andy Welinski,D,25.4,74,212,0.0,0.0,0.0,0.0,0.0,0.0,0.0,0.0,0.0,0.0,0.0,,0.0
61,Anthony Beauvillier,L,21.3,71,180,0.0,0.0,0.0,0.0,0.0,0.0,0.0,0.0,0.0,0.0,0.0,0.0,0.0
62,Anthony Bitetto,D,28.2,73,222,0.0,0.0,0.0,0.0,0.0,0.0,0.0,0.0,0.0,0.0,0.0,,0.0
63,Anthony Cirelli,C,21.2,72,189,0.0,0.0,0.0,0.0,0.0,0.0,0.0,0.0,0.0,0.0,0.0,0.0,0.0
64,Anthony Duclair,L,23.1,71,197,0.0,0.0,0.0,0.0,0.0,0.0,0.0,0.0,0.0,0.0,0.0,0.0,0.0
65,Anthony Mantha,R,24.0,77,234,0.0,0.0,0.0,0.0,0.0,0.0,0.0,0.0,0.0,0.0,0.0,0.0,0.0
66,Anthony Peluso,R,29.5,75,225,0.0,0.0,0.0,0.0,0.0,,,0.0,,,0.0,,
67,Antoine Roussel,L,28.9,71,200,0.0,0.0,0.0,0.0,0.0,0.0,0.0,0.0,0.0,0.0,0.0,0.0,0.0
68,Antoine Vermette,C,36.2,73,197,0.0,0.0,0.0,0.0,0.0,0.0,0.0,0.0,0.0,0.0,0.0,0.0,0.0
69,Anton Blidh,L,23.6,73,197,0.0,0.0,0.0,0.0,0.0,,,0.0,,,0.0,,
70,Anton Lindholm,D,23.8,71,191,0.0,0.0,0.0,0.0,0.0,0.0,0.0,0.0,0.0,0.0,0.0,,0.0
71,Anton Slepyshev,L,24.4,74,221,0.0,0.0,0.0,0.0,0.0,0.0,0.0,0.0,0.0,0.0,0.0,0.0,0.0
72,Anton Stralman,D,32.2,71,193,0.0,0.0,0.0,0.0,0.0,0.0,0.0,0.0,0.0,0.0,0.0,,0.0
73,Anze Kopitar,C,31.1,75,225,0.0,0.0,0.0,0.0,0.0,0.0,0.0,0.0,0.0,0.0,0.0,0.0,0.0
74,Artem Anisimov,C,30.4,76,199,0.0,0.0,0.0,0.0,0.0,0.0,0.0,0.0,0.0,0.0,0.0,0.0,0.0
75,Artemi Panarin,L,26.9,72,173,0.0,0.0,0.0,0.0,0.0,0.0,0.0,0.0,0.0,0.0,0.0,0.0,0.0
76,Artturi Lehkonen,L,23.2,71,179,0.0,0.0,0.0,0.0,0.0,0.0,0.0,0.0,0.0,0.0,0.0,0.0,0.0
77,Ashton Sautner,D,24.3,73,195,0.0,0.0,0.0,0.0,0.0,,,0.0,,,0.0,,
78,Austin Czarnik,C,25.8,69,170,0.0,0.0,0.0,0.0,0.0,0.0,0.0,0.0,0.0,0.0,0.0,0.0,0.0
79,Austin Watson,L,26.7,76,204,0.0,0.0,0.0,0.0,0.0,0.0,0.0,0.0,0.0,0.0,0.0,0.0,0.0
80,Auston Matthews,C,21.0,75,208,0.0,0.0,0.0,0.0,0.0,0.0,0.0,0.0,0.0,0.0,0.0,0.0,0.0
81,Barclay Goodrow,C,25.6,74,204,0.0,0.0,0.0,0.0,0.0,0.0,0.0,0.0,0.0,0.0,0.0,0.0,0.0
82,Beau Bennett,R,26.8,74,195,0.0,0.0,0.0,0.0,0.0,0.0,,0.0,0.0,,0.0,0.0,
83,Ben Chiarot,D,27.4,75,232,0.0,0.0,0.0,0.0,0.0,0.0,0.0,0.0,0.0,0.0,0.0,,0.0
84,Ben Harpur,D,23.7,78,231,0.0,0.0,0.0,0.0,0.0,0.0,0.0,0.0,0.0,0.0,0.0,,0.0
85,Ben Hutton,D,25.4,75,201,0.0,0.0,0.0,0.0,0.0,0.0,0.0,0.0,0.0,0.0,0.0,,0.0
86,Ben Lovejoy,D,34.6,73,205,0.0,0.0,0.0,0.0,0.0,0.0,0.0,0.0,0.0,0.0,0.0,,0.0
87,Ben Sexton,C,27.3,71,196,0.0,0.0,0.0,0.0,0.0,,,0.0,,,0.0,,
88,Benoit Pouliot,L,32.0,75,200,0.0,0.0,0.0,0.0,0.0,0.0,0.0,0.0,0.0,0.0,0.0,0.0,0.0
89,Blake Coleman,C,26.8,71,199,0.0,0.0,0.0,0.0,0.0,0.0,0.0,0.0,0.0,0.0,0.0,0.0,0.0
90,Blake Comeau,L,32.6,73,200,0.0,0.0,0.0,0.0,0.0,0.0,0.0,0.0,0.0,0.0,0.0,0.0,0.0
91,Blake Hillman,D,22.7,73,193,0.0,0.0,0.0,0.0,0.0,0.0,0.0,0.0,0.0,0.0,0.0,,0.0
92,Blake Pietila,L,25.6,71,200,0.0,0.0,0.0,0.0,0.0,,,0.0,,,0.0,,
93,Blake Wheeler,R,32.1,77,220,0.0,0.0,0.0,0.0,0.0,0.0,0.0,0.0,0.0,0.0,0.0,0.0,0.0
94,Bo Horvat,C,23.5,72,215,0.0,0.0,0.0,0.0,0.0,0.0,0.0,0.0,0.0,0.0,0.0,0.0,0.0
95,Bobby Ryan,R,31.5,74,208,0.0,0.0,0.0,0.0,0.0,0.0,0.0,0.0,0.0,0.0,0.0,0.0,0.0
96,Boo Nieves,C,24.7,75,214,0.0,0.0,0.0,0.0,0.0,0.0,0.0,0.0,0.0,0.0,0.0,0.0,0.0
97,Boone Jenner,C,25.3,74,203,0.0,0.0,0.0,0.0,0.0,0.0,0.0,0.0,0.0,0.0,0.0,0.0,0.0
98,Brad Hunt,D,30.1,69,177,0.0,0.0,0.0,0.0,0.0,0.0,0.0,0.0,0.0,0.0,0.0,,0.0
99,Brad Malone,C,29.4,74,217,0.0,0.0,0.0,0.0,0.0,0.0,0.0,0.0,0.0,0.0,0.0,0.0,0.0
100,Brad Marchand,L,30.4,69,176,0.0,0.0,0.0,0.0,0.0,0.0,0.0,0.0,0.0,0.0,0.0,0.0,0.0
101,Brad Richardson,R,33.7,72,190,0.0,0.0,0.0,0.0,0.0,0.0,0.0,0.0,0.0,0.0,0.0,0.0,0.0
102,Brady Skjei,D,24.5,75,210,0.0,0.0,0.0,0.0,0.0,0.0,0.0,0.0,0.0,0.0,0.0,,0.0
103,Brandon Carlo,D,21.8,78,218,0.0,0.0,0.0,0.0,0.0,0.0,0.0,0.0,0.0,0.0,0.0,,0.0
104,Brandon Davidson,D,27.1,74,204,0.0,0.0,0.0,0.0,0.0,0.0,0.0,0.0,0.0,0.0,0.0,,0.0
105,Brandon Dubinsky,C,32.4,74,208,0.0,0.0,0.0,0.0,0.0,0.0,0.0,0.0,0.0,0.0,0.0,0.0,0.0
106,Brandon Manning,D,28.3,73,205,0.0,0.0,0.0,0.0,0.0,0.0,0.0,0.0,0.0,0.0,0.0,,0.0
107,Brandon Montour,D,24.5,72,194,0.0,0.0,0.0,0.0,0.0,0.0,0.0,0.0,0.0,0.0,0.0,,0.0
108,Brandon Pirri,C,27.5,72,180,0.0,0.0,0.0,0.0,0.0,0.0,,0.0,0.0,,0.0,0.0,
109,Brandon Saad,L,25.9,73,215,0.0,0.0,0.0,0.0,0.0,0.0,0.0,0.0,0.0,0.0,0.0,0.0,0.0
110,Brandon Sutter,C,29.6,75,190,0.0,0.0,0.0,0.0,0.0,0.0,0.0,0.0,0.0,0.0,0.0,0.0,0.0
111,Brandon Tanev,L,26.8,72,189,0.0,0.0,0.0,0.0,0.0,0.0,0.0,0.0,0.0,0.0,0.0,0.0,0.0
112,Brayden McNabb,D,27.7,76,215,0.0,0.0,0.0,0.0,0.0,0.0,0.0,0.0,0.0,0.0,0.0,,0.0
113,Brayden Point,C,22.6,71,180,0.0,0.0,0.0,0.0,0.0,0.0,0.0,0.0,0.0,0.0,0.0,0.0,0.0
114,Brayden Schenn,C,27.1,73,199,0.0,0.0,0.0,0.0,0.0,0.0,0.0,0.0,0.0,0.0,0.0,0.0,0.0
115,Braydon Coburn,D,33.6,77,224,0.0,0.0,0.0,0.0,0.0,0.0,0.0,0.0,0.0,0.0,0.0,,0.0
116,Brendan Gallagher,R,26.4,69,186,0.0,0.0,0.0,0.0,0.0,0.0,0.0,0.0,0.0,0.0,0.0,0.0,0.0
117,Brendan Gaunce,C,24.5,75,219,0.0,0.0,0.0,0.0,0.0,0.0,0.0,0.0,0.0,0.0,0.0,0.0,0.0
118,Brendan Guhle,D,21.2,74,197,0.0,0.0,0.0,0.0,0.0,0.0,0.0,0.0,0.0,0.0,0.0,,0.0
119,Brendan Leipsic,L,24.4,70,180,0.0,0.0,0.0,0.0,0.0,0.0,0.0,0.0,0.0,0.0,0.0,0.0,0.0
120,Brendan Lemieux,L,22.5,73,215,0.0,0.0,0.0,0.0,0.0,0.0,,0.0,0.0,,0.0,0.0,
121,Brendan Perlini,L,22.4,75,211,0.0,0.0,0.0,0.0,0.0,0.0,0.0,0.0,0.0,0.0,0.0,0.0,0.0
122,Brendan Smith,D,29.6,74,200,0.0,0.0,0.0,0.0,0.0,0.0,0.0,0.0,0.0,0.0,0.0,,0.0
123,Brenden Dillon,D,27.9,76,224,0.0,0.0,0.0,0.0,0.0,0.0,0.0,0.0,0.0,0.0,0.0,,0.0
124,Brent Burns,D,33.6,77,230,0.0,0.0,0.0,0.0,0.0,0.0,0.0,0.0,0.0,0.0,0.0,,0.0
125,Brent Seabrook,D,33.4,75,220,0.0,0.0,0.0,0.0,0.0,0.0,0.0,0.0,0.0,0.0,0.0,,0.0
126,Brett Connolly,R,26.4,75,198,0.0,0.0,0.0,0.0,0.0,0.0,0.0,0.0,0.0,0.0,0.0,0.0,0.0
127,Brett Kulak,D,24.7,73,197,0.0,0.0,0.0,0.0,0.0,0.0,0.0,0.0,0.0,0.0,0.0,,0.0
128,Brett Lernout,D,23.0,76,214,0.0,0.0,0.0,0.0,0.0,0.0,0.0,0.0,0.0,0.0,0.0,,0.0
129,Brett Pesce,D,23.9,75,206,0.0,0.0,0.0,0.0,0.0,0.0,0.0,0.0,0.0,0.0,0.0,,0.0
130,Brett Ritchie,R,25.3,76,215,0.0,0.0,0.0,0.0,0.0,0.0,0.0,0.0,0.0,0.0,0.0,0.0,0.0
131,Brian Boyle,C,33.8,78,245,0.0,0.0,0.0,0.0,0.0,0.0,0.0,0.0,0.0,0.0,0.0,0.0,0.0
132,Brian Dumoulin,D,27.1,76,207,0.0,0.0,0.0,0.0,0.0,0.0,0.0,0.0,0.0,0.0,0.0,,0.0
133,Brian Gibbons,C,30.6,68,175,0.0,0.0,0.0,0.0,0.0,0.0,0.0,0.0,0.0,0.0,0.0,0.0,0.0
134,Brian Gionta,R,39.7,67,178,0.0,0.0,0.0,0.0,0.0,0.0,0.0,0.0,0.0,0.0,0.0,0.0,0.0
135,Brian Lashoff,D,28.2,75,215,0.0,0.0,0.0,0.0,0.0,,0.0,0.0,,0.0,0.0,,0.0
136,Brock Boeser,R,21.6,73,208,0.0,0.0,0.0,0.0,0.0,0.0,0.0,0.0,0.0,0.0,0.0,0.0,0.0
137,Brock McGinn,L,24.7,72,187,0.0,0.0,0.0,0.0,0.0,0.0,0.0,0.0,0.0,0.0,0.0,0.0,0.0
138,Brock Nelson,C,27.0,76,210,0.0,0.0,0.0,0.0,0.0,0.0,0.0,0.0,0.0,0.0,0.0,0.0,0.0
139,Brooks Laich,C,35.3,74,200,0.0,0.0,0.0,0.0,0.0,0.0,0.0,0.0,0.0,0.0,0.0,0.0,0.0
140,Brooks Orpik,D,38.0,75,217,0.0,0.0,0.0,0.0,0.0,0.0,0.0,0.0,0.0,0.0,0.0,,0.0
141,Bryan Little,C,30.9,72,191,0.0,0.0,0.0,0.0,0.0,0.0,0.0,0.0,0.0,0.0,0.0,0.0,0.0
142,Bryan Rust,R,26.4,71,192,0.0,0.0,0.0,0.0,0.0,0.0,0.0,0.0,0.0,0.0,0.0,0.0,0.0
143,Byron Froese,C,27.6,73,202,0.0,0.0,0.0,0.0,0.0,0.0,0.0,0.0,0.0,0.0,0.0,0.0,0.0
144,Cal Clutterbuck,R,30.9,72,212,0.0,0.0,0.0,0.0,0.0,0.0,0.0,0.0,0.0,0.0,0.0,0.0,0.0
145,Cal O'Reilly,C,32.0,72,188,0.0,0.0,0.0,0.0,0.0,,0.0,0.0,,0.0,0.0,,0.0
146,Calle Jarnkrok,C,27.0,72,192,0.0,0.0,0.0,0.0,0.0,0.0,0.0,0.0,0.0,0.0,0.0,0.0,0.0
147,Calle Rosen,D,24.7,73,188,0.0,0.0,0.0,0.0,0.0,0.0,0.0,0.0,0.0,0.0,0.0,,0.0
148,Calvin de Haan,D,27.4,73,195,0.0,0.0,0.0,0.0,0.0,0.0,0.0,0.0,0.0,0.0,0.0,,0.0
149,Cam Atkinson,R,29.3,68,176,0.0,0.0,0.0,0.0,0.0,0.0,0.0,0.0,0.0,0.0,0.0,0.0,0.0
150,Cam Fowler,D,26.8,74,215,0.0,0.0,0.0,0.0,0.0,0.0,0.0,0.0,0.0,0.0,0.0,,0.0
151,Carl Dahlstrom,D,23.7,76,231,0.0,0.0,0.0,0.0,0.0,0.0,0.0,0.0,0.0,0.0,0.0,,0.0
152,Carl Gunnarsson,D,31.9,74,198,0.0,0.0,0.0,0.0,0.0,0.0,0.0,0.0,0.0,0.0,0.0,,0.0
153,Carl Hagelin,L,30.1,72,183,0.0,0.0,0.0,0.0,0.0,0.0,0.0,0.0,0.0,0.0,0.0,0.0,0.0
154,Carl Soderberg,C,33.0,75,210,0.0,0.0,0.0,0.0,0.0,0.0,0.0,0.0,0.0,0.0,0.0,0.0,0.0
155,Carson Soucy,D,24.2,77,208,0.0,0.0,0.0,0.0,0.0,0.0,0.0,0.0,0.0,0.0,0.0,,0.0
156,Carter Rowney,C,29.4,74,208,0.0,0.0,0.0,0.0,0.0,0.0,0.0,0.0,0.0,0.0,0.0,0.0,0.0
157,Casey Cizikas,C,27.6,71,190,0.0,0.0,0.0,0.0,0.0,0.0,0.0,0.0,0.0,0.0,0.0,0.0,0.0
158,Casey Mittelstadt,C,19.9,73,195,0.0,0.0,0.0,0.0,0.0,0.0,,0.0,0.0,,0.0,0.0,
159,Casey Nelson,D,26.2,73,185,0.0,0.0,0.0,0.0,0.0,0.0,0.0,0.0,0.0,0.0,0.0,,0.0
160,Cedric Paquette,C,25.1,72,205,0.0,0.0,0.0,0.0,0.0,0.0,0.0,0.0,0.0,0.0,0.0,0.0,0.0
161,Chad Ruhwedel,D,28.4,71,191,0.0,0.0,0.0,0.0,0.0,0.0,0.0,0.0,0.0,0.0,0.0,,0.0
162,Chandler Stephenson,C,24.4,72,209,0.0,0.0,0.0,0.0,0.0,0.0,0.0,0.0,0.0,0.0,0.0,0.0,0.0
163,Charles Hudon,L,24.3,70,190,0.0,0.0,0.0,0.0,0.0,0.0,0.0,0.0,0.0,0.0,0.0,0.0,0.0
164,Charlie Coyle,C,26.6,75,223,0.0,0.0,0.0,0.0,0.0,0.0,0.0,0.0,0.0,0.0,0.0,0.0,0.0
165,Charlie McAvoy,D,20.8,73,209,0.0,0.0,0.0,0.0,0.0,0.0,0.0,0.0,0.0,0.0,0.0,,0.0
166,Chase Balisy,C,26.7,71,179,0.0,0.0,0.0,0.0,0.0,,0.0,0.0,,0.0,0.0,,0.0
167,Chris Bigras,D,23.6,73,191,0.0,0.0,0.0,0.0,0.0,0.0,0.0,0.0,0.0,0.0,0.0,,0.0
168,Chris Butler,D,31.9,73,196,0.0,0.0,0.0,0.0,0.0,0.0,0.0,0.0,0.0,0.0,0.0,,0.0
169,Chris Kelly,C,37.9,72,190,0.0,0.0,0.0,0.0,0.0,,0.0,0.0,,0.0,0.0,,0.0
170,Chris Kreider,L,27.4,75,230,0.0,0.0,0.0,0.0,0.0,0.0,0.0,0.0,0.0,0.0,0.0,0.0,0.0
171,Chris Kunitz,L,39.0,72,188,0.0,0.0,0.0,0.0,0.0,0.0,0.0,0.0,0.0,0.0,0.0,0.0,0.0
172,Chris Stewart,R,30.9,74,242,0.0,0.0,0.0,0.0,0.0,0.0,0.0,0.0,0.0,0.0,0.0,0.0,0.0
173,Chris Thorburn,R,35.3,75,235,0.0,0.0,0.0,0.0,0.0,0.0,0.0,0.0,0.0,0.0,0.0,0.0,0.0
174,Chris Tierney,C,24.3,73,191,0.0,0.0,0.0,0.0,0.0,0.0,0.0,0.0,0.0,0.0,0.0,0.0,0.0
175,Chris Wagner,R,27.3,72,192,0.0,0.0,0.0,0.0,0.0,0.0,0.0,0.0,0.0,0.0,0.0,0.0,0.0
176,Chris Wideman,D,28.7,70,181,0.0,0.0,0.0,0.0,0.0,0.0,0.0,0.0,0.0,0.0,0.0,,0.0
177,Christian Djoos,D,24.2,72,180,0.0,0.0,0.0,0.0,0.0,0.0,0.0,0.0,0.0,0.0,0.0,,0.0
178,Christian Dvorak,C,22.7,73,193,0.0,0.0,0.0,0.0,0.0,0.0,0.0,0.0,0.0,0.0,0.0,0.0,0.0
179,Christian Fischer,R,21.5,74,212,0.0,0.0,0.0,0.0,0.0,0.0,0.0,0.0,0.0,0.0,0.0,0.0,0.0
180,Christian Folin,D,27.6,75,204,0.0,0.0,0.0,0.0,0.0,0.0,0.0,0.0,0.0,0.0,0.0,,0.0
181,Christian Jaros,D,22.5,75,222,0.0,0.0,0.0,0.0,0.0,,,0.0,,,0.0,,
182,Christian Wolanin,D,23.5,74,190,0.0,0.0,0.0,0.0,0.0,0.0,0.0,0.0,0.0,0.0,0.0,,0.0
183,Christoph Bertschy,C,24.5,70,185,0.0,0.0,0.0,0.0,0.0,0.0,,0.0,0.0,,0.0,0.0,
184,Christopher DiDomenico,L,29.6,71,174,0.0,0.0,0.0,0.0,0.0,0.0,,0.0,0.0,,0.0,0.0,
185,Christopher Tanev,D,28.8,74,193,0.0,0.0,0.0,0.0,0.0,0.0,0.0,0.0,0.0,0.0,0.0,,0.0
186,Claude Giroux,R,30.7,71,190,0.0,0.0,0.0,0.0,0.0,0.0,0.0,0.0,0.0,0.0,0.0,0.0,0.0
187,Clayton Keller,R,20.2,70,178,0.0,0.0,0.0,0.0,0.0,0.0,0.0,0.0,0.0,0.0,0.0,0.0,0.0
188,Cody Ceci,D,24.8,74,210,0.0,0.0,0.0,0.0,0.0,0.0,0.0,0.0,0.0,0.0,0.0,,0.0
189,Cody Eakin,C,27.4,72,196,0.0,0.0,0.0,0.0,0.0,0.0,0.0,0.0,0.0,0.0,0.0,0.0,0.0
190,Cody Franson,D,31.1,77,224,0.0,0.0,0.0,0.0,0.0,0.0,0.0,0.0,0.0,0.0,0.0,,0.0
191,Cody McLeod,L,34.3,74,204,0.0,0.0,0.0,0.0,0.0,0.0,0.0,0.0,0.0,0.0,0.0,0.0,0.0
192,Colby Cave,C,23.8,73,200,0.0,0.0,0.0,0.0,0.0,,0.0,0.0,,0.0,0.0,,0.0
193,Colin Miller,D,25.9,73,200,0.0,0.0,0.0,0.0,0.0,0.0,0.0,0.0,0.0,0.0,0.0,,0.0
194,Colin White,C,21.7,73,194,0.0,0.0,0.0,0.0,0.0,0.0,0.0,0.0,0.0,0.0,0.0,0.0,0.0
195,Colin Wilson,C,28.9,73,215,0.0,0.0,0.0,0.0,0.0,0.0,0.0,0.0,0.0,0.0,0.0,0.0,0.0
196,Colton Parayko,D,25.4,78,228,0.0,0.0,0.0,0.0,0.0,0.0,0.0,0.0,0.0,0.0,0.0,,0.0
197,Colton Sceviour,C,29.4,72,190,0.0,0.0,0.0,0.0,0.0,0.0,0.0,0.0,0.0,0.0,0.0,0.0,0.0
198,Colton Sissons,C,24.9,73,200,0.0,0.0,0.0,0.0,0.0,0.0,0.0,0.0,0.0,0.0,0.0,0.0,0.0
199,Connor Brickley,L,26.6,72,203,0.0,0.0,0.0,0.0,0.0,0.0,0.0,0.0,0.0,0.0,0.0,0.0,0.0
200,Connor Brown,R,24.7,72,181,0.0,0.0,0.0,0.0,0.0,0.0,0.0,0.0,0.0,0.0,0.0,0.0,0.0
201,Connor Carrick,D,24.5,70,198,0.0,0.0,0.0,0.0,0.0,0.0,0.0,0.0,0.0,0.0,0.0,,0.0
202,Connor McDavid,C,21.7,73,193,0.0,0.0,0.0,0.0,0.0,0.0,0.0,0.0,0.0,0.0,0.0,0.0,0.0
203,Connor Murphy,D,25.5,76,212,0.0,0.0,0.0,0.0,0.0,0.0,0.0,0.0,0.0,0.0,0.0,,0.0
204,Conor Sheary,L,26.3,69,179,0.0,0.0,0.0,0.0,0.0,0.0,0.0,0.0,0.0,0.0,0.0,0.0,0.0
205,Corey Perry,R,33.4,75,208,0.0,0.0,0.0,0.0,0.0,0.0,0.0,0.0,0.0,0.0,0.0,0.0,0.0
206,Cory Conacher,C,28.8,68,185,0.0,0.0,0.0,0.0,0.0,0.0,0.0,0.0,0.0,0.0,0.0,0.0,0.0
207,Craig Smith,C,29.1,72,204,0.0,0.0,0.0,0.0,0.0,0.0,0.0,0.0,0.0,0.0,0.0,0.0,0.0
208,Curtis Lazar,C,23.7,72,203,0.0,0.0,0.0,0.0,0.0,0.0,0.0,0.0,0.0,0.0,0.0,0.0,0.0
209,Curtis McKenzie,L,27.6,74,205,0.0,0.0,0.0,0.0,0.0,0.0,,0.0,0.0,,0.0,0.0,
210,Curtis Valk,C,25.6,69,170,0.0,0.0,0.0,0.0,0.0,,,0.0,,,0.0,,
211,Dakota Mermis,D,24.7,72,195,0.0,0.0,0.0,0.0,0.0,0.0,0.0,0.0,0.0,0.0,0.0,,0.0
212,Dale Weise,R,30.2,74,196,0.0,0.0,0.0,0.0,0.0,0.0,0.0,0.0,0.0,0.0,0.0,0.0,0.0
213,Dalton Prout,D,28.6,75,215,0.0,0.0,0.0,0.0,0.0,0.0,0.0,0.0,0.0,0.0,0.0,,0.0
214,Damon Severson,D,24.2,74,205,0.0,0.0,0.0,0.0,0.0,0.0,0.0,0.0,0.0,0.0,0.0,,0.0
215,Dan Girardi,D,34.4,73,212,0.0,0.0,0.0,0.0,0.0,0.0,0.0,0.0,0.0,0.0,0.0,,0.0
216,Dan Hamhuis,D,35.8,73,204,0.0,0.0,0.0,0.0,0.0,0.0,0.0,0.0,0.0,0.0,0.0,,0.0
217,Danick Martel,L,23.8,68,184,0.0,0.0,0.0,0.0,0.0,,,0.0,,,0.0,,
218,Daniel Brickley,D,23.5,75,203,0.0,0.0,0.0,0.0,0.0,,,0.0,,,0.0,,
219,Daniel Carr,L,26.9,72,186,0.0,0.0,0.0,0.0,0.0,0.0,0.0,0.0,0.0,0.0,0.0,0.0,0.0
220,Daniel Catenacci,C,25.6,70,193,0.0,0.0,0.0,0.0,0.0,,,0.0,,,0.0,,
221,Daniel O'Regan,C,24.7,70,180,0.0,0.0,0.0,0.0,0.0,0.0,0.0,0.0,0.0,0.0,0.0,0.0,0.0
222,Daniel Sedin,L,38.0,73,190,0.0,0.0,0.0,0.0,0.0,0.0,0.0,0.0,0.0,0.0,0.0,0.0,0.0
223,Daniel Sprong,R,21.5,72,202,0.0,0.0,0.0,0.0,0.0,0.0,0.0,0.0,0.0,0.0,0.0,0.0,0.0
224,Daniel Winnik,L,33.6,74,210,0.0,0.0,0.0,0.0,0.0,0.0,0.0,0.0,0.0,0.0,0.0,0.0,0.0
225,Danny DeKeyser,D,28.6,75,183,0.0,0.0,0.0,0.0,0.0,0.0,0.0,0.0,0.0,0.0,0.0,,0.0
226,Danton Heinen,L,23.2,73,188,0.0,0.0,0.0,0.0,0.0,0.0,0.0,0.0,0.0,0.0,0.0,0.0,0.0
227,Darnell Nurse,D,23.7,76,221,0.0,0.0,0.0,0.0,0.0,0.0,0.0,0.0,0.0,0.0,0.0,,0.0
228,Darren Archibald,R,28.6,75,210,0.0,0.0,0.0,0.0,0.0,0.0,0.0,0.0,0.0,0.0,0.0,0.0,0.0
229,Darren Helm,C,31.7,72,192,0.0,0.0,0.0,0.0,0.0,0.0,0.0,0.0,0.0,0.0,0.0,0.0,0.0
230,David Backes,R,34.4,75,215,0.0,0.0,0.0,0.0,0.0,0.0,0.0,0.0,0.0,0.0,0.0,0.0,0.0
231,David Booth,L,33.9,72,212,0.0,0.0,0.0,0.0,0.0,0.0,0.0,0.0,0.0,0.0,0.0,0.0,0.0
232,David Desharnais,C,32.0,67,180,0.0,0.0,0.0,0.0,0.0,0.0,,0.0,0.0,,0.0,0.0,
233,David Kampf,C,23.7,74,197,0.0,0.0,0.0,0.0,0.0,0.0,0.0,0.0,0.0,0.0,0.0,0.0,0.0
234,David Krejci,C,32.4,72,192,0.0,0.0,0.0,0.0,0.0,0.0,0.0,0.0,0.0,0.0,0.0,0.0,0.0
235,David Pastrnak,R,22.4,73,195,0.0,0.0,0.0,0.0,0.0,0.0,0.0,0.0,0.0,0.0,0.0,0.0,0.0
236,David Perron,L,30.3,73,196,0.0,0.0,0.0,0.0,0.0,0.0,0.0,0.0,0.0,0.0,0.0,0.0,0.0
237,David Savard,D,27.9,73,235,0.0,0.0,0.0,0.0,0.0,0.0,0.0,0.0,0.0,0.0,0.0,,0.0
238,David Schlemko,D,31.4,73,191,0.0,0.0,0.0,0.0,0.0,0.0,0.0,0.0,0.0,0.0,0.0,,0.0
239,David Warsofsky,D,28.3,69,170,0.0,0.0,0.0,0.0,0.0,0.0,0.0,0.0,0.0,0.0,0.0,,0.0
240,Dean Kukan,D,25.2,74,190,0.0,0.0,0.0,0.0,0.0,0.0,0.0,0.0,0.0,0.0,0.0,,0.0
241,Denis Malgin,C,21.7,69,182,0.0,0.0,0.0,0.0,0.0,0.0,0.0,0.0,0.0,0.0,0.0,0.0,0.0
242,Dennis Rasmussen,C,28.2,75,192,0.0,0.0,0.0,0.0,0.0,0.0,0.0,0.0,0.0,0.0,0.0,0.0,0.0
243,Dennis Seidenberg,D,37.2,72,199,0.0,0.0,0.0,0.0,0.0,0.0,0.0,0.0,0.0,0.0,0.0,,0.0
244,Derek Dorsett,R,31.8,72,192,0.0,0.0,0.0,0.0,0.0,0.0,0.0,0.0,0.0,0.0,0.0,0.0,0.0
245,Derek Forbort,D,26.6,76,208,0.0,0.0,0.0,0.0,0.0,0.0,0.0,0.0,0.0,0.0,0.0,,0.0
246,Derek Grant,C,28.4,75,210,0.0,0.0,0.0,0.0,0.0,0.0,0.0,0.0,0.0,0.0,0.0,0.0,0.0
247,Derek MacKenzie,C,37.3,71,177,0.0,0.0,0.0,0.0,0.0,0.0,0.0,0.0,0.0,0.0,0.0,0.0,0.0
248,Derek Ryan,C,31.8,70,185,0.0,0.0,0.0,0.0,0.0,0.0,0.0,0.0,0.0,0.0,0.0,0.0,0.0
249,Derek Stepan,C,28.3,71,196,0.0,0.0,0.0,0.0,0.0,0.0,0.0,0.0,0.0,0.0,0.0,0.0,0.0
250,Derick Brassard,C,31.0,73,200,0.0,0.0,0.0,0.0,0.0,0.0,0.0,0.0,0.0,0.0,0.0,0.0,0.0
251,Derrick Pouliot,D,24.7,72,196,0.0,0.0,0.0,0.0,0.0,0.0,0.0,0.0,0.0,0.0,0.0,,0.0
252,Deryk Engelland,D,36.5,74,212,0.0,0.0,0.0,0.0,0.0,0.0,0.0,0.0,0.0,0.0,0.0,,0.0
253,Devante Smith-Pelly,R,26.3,72,223,0.0,0.0,0.0,0.0,0.0,0.0,0.0,0.0,0.0,0.0,0.0,0.0,0.0
254,Devin Shore,C,24.2,73,206,0.0,0.0,0.0,0.0,0.0,0.0,0.0,0.0,0.0,0.0,0.0,0.0,0.0
255,Dillon Heatherington,D,23.4,76,215,0.0,0.0,0.0,0.0,0.0,,0.0,0.0,,0.0,0.0,,0.0
256,Dion Phaneuf,D,33.5,75,222,0.0,0.0,0.0,0.0,0.0,0.0,0.0,0.0,0.0,0.0,0.0,,0.0
257,Dmitrij Jaskin,R,25.5,74,216,0.0,0.0,0.0,0.0,0.0,0.0,0.0,0.0,0.0,0.0,0.0,0.0,0.0
258,Dmitry Kulikov,D,27.9,73,201,0.0,0.0,0.0,0.0,0.0,0.0,0.0,0.0,0.0,0.0,0.0,,0.0
259,Dmitry Orlov,D,27.2,71,214,0.0,0.0,0.0,0.0,0.0,0.0,0.0,0.0,0.0,0.0,0.0,,0.0
260,Dominic Moore,C,38.2,72,192,0.0,0.0,0.0,0.0,0.0,0.0,0.0,0.0,0.0,0.0,0.0,0.0,0.0
261,Dominic Toninato,C,24.6,74,191,0.0,0.0,0.0,0.0,0.0,0.0,0.0,0.0,0.0,0.0,0.0,0.0,0.0
262,Dominic Turgeon,C,22.6,74,200,0.0,0.0,0.0,0.0,0.0,0.0,0.0,0.0,0.0,0.0,0.0,0.0,0.0
263,Dominik Simon,C,24.1,71,190,0.0,0.0,0.0,0.0,0.0,0.0,0.0,0.0,0.0,0.0,0.0,0.0,0.0
264,Dougie Hamilton,D,25.3,78,230,0.0,0.0,0.0,0.0,0.0,0.0,0.0,0.0,0.0,0.0,0.0,,0.0
265,Drake Caggiula,C,24.3,70,176,0.0,0.0,0.0,0.0,0.0,0.0,0.0,0.0,0.0,0.0,0.0,0.0,0.0
266,Drew Doughty,D,28.8,73,210,0.0,0.0,0.0,0.0,0.0,0.0,0.0,0.0,0.0,0.0,0.0,,0.0
267,Drew Stafford,R,32.9,74,215,0.0,0.0,0.0,0.0,0.0,0.0,0.0,0.0,0.0,0.0,0.0,0.0,0.0
268,Dryden Hunt,L,22.9,72,193,0.0,0.0,0.0,0.0,0.0,0.0,0.0,0.0,0.0,0.0,0.0,0.0,0.0
269,Duncan Keith,D,35.2,73,192,0.0,0.0,0.0,0.0,0.0,0.0,0.0,0.0,0.0,0.0,0.0,,0.0
270,Duncan Siemens,D,25.1,75,210,0.0,0.0,0.0,0.0,0.0,0.0,0.0,0.0,0.0,0.0,0.0,,0.0
271,Dustin Brown,R,33.9,72,205,0.0,0.0,0.0,0.0,0.0,0.0,0.0,0.0,0.0,0.0,0.0,0.0,0.0
272,Dustin Byfuglien,D,33.5,77,260,0.0,0.0,0.0,0.0,0.0,0.0,0.0,0.0,0.0,0.0,0.0,,0.0
273,Dylan DeMelo,D,25.4,72,195,0.0,0.0,0.0,0.0,0.0,0.0,0.0,0.0,0.0,0.0,0.0,,0.0
274,Dylan Gambrell,C,22.1,71,185,0.0,0.0,0.0,0.0,0.0,,,0.0,,,0.0,,
275,Dylan Larkin,C,22.2,73,198,0.0,0.0,0.0,0.0,0.0,0.0,0.0,0.0,0.0,0.0,0.0,0.0,0.0
276,Dylan Sikura,C,23.3,71,170,0.0,0.0,0.0,0.0,0.0,0.0,,0.0,0.0,,0.0,0.0,
277,Dylan Strome,C,21.6,75,200,0.0,0.0,0.0,0.0,0.0,0.0,0.0,0.0,0.0,0.0,0.0,0.0,0.0
278,Eeli Tolvanen,R,19.4,70,191,0.0,0.0,0.0,0.0,0.0,0.0,,0.0,0.0,,0.0,0.0,
279,Elias Lindholm,C,23.8,73,202,0.0,0.0,0.0,0.0,0.0,0.0,0.0,0.0,0.0,0.0,0.0,0.0,0.0
280,Eric Fehr,C,33.1,76,209,0.0,0.0,0.0,0.0,0.0,0.0,0.0,0.0,0.0,0.0,0.0,0.0,0.0
281,Eric Gryba,D,30.5,76,222,0.0,0.0,0.0,0.0,0.0,,0.0,0.0,,0.0,0.0,,0.0
282,Eric Robinson,L,23.3,74,205,0.0,0.0,0.0,0.0,0.0,0.0,,0.0,0.0,,0.0,0.0,
283,Eric Staal,C,33.9,76,195,0.0,0.0,0.0,0.0,0.0,0.0,0.0,0.0,0.0,0.0,0.0,0.0,0.0
284,Erik Burgdoerfer,D,29.8,73,207,0.0,0.0,0.0,0.0,0.0,,,0.0,,,0.0,,
285,Erik Gudbranson,D,26.7,77,222,0.0,0.0,0.0,0.0,0.0,0.0,0.0,0.0,0.0,0.0,0.0,,0.0
286,Erik Gustafsson,D,26.6,72,197,0.0,0.0,0.0,0.0,0.0,0.0,0.0,0.0,0.0,0.0,0.0,,0.0
287,Erik Haula,L,27.5,71,191,0.0,0.0,0.0,0.0,0.0,0.0,0.0,0.0,0.0,0.0,0.0,0.0,0.0
288,Erik Johnson,D,30.5,76,225,0.0,0.0,0.0,0.0,0.0,0.0,0.0,0.0,0.0,0.0,0.0,,0.0
289,Erik Karlsson,D,28.3,72,190,0.0,0.0,0.0,0.0,0.0,0.0,0.0,0.0,0.0,0.0,0.0,,0.0
290,Esa Lindell,D,24.4,75,220,0.0,0.0,0.0,0.0,0.0,0.0,0.0,0.0,0.0,0.0,0.0,,0.0
291,Ethan Bear,D,21.3,71,197,0.0,0.0,0.0,0.0,0.0,0.0,0.0,0.0,0.0,0.0,0.0,,0.0
292,Evan Rodrigues,C,25.2,71,184,0.0,0.0,0.0,0.0,0.0,0.0,0.0,0.0,0.0,0.0,0.0,0.0,0.0
293,Evander Kane,L,27.2,74,210,0.0,0.0,0.0,0.0,0.0,0.0,0.0,0.0,0.0,0.0,0.0,0.0,0.0
294,Evgeni Malkin,C,32.2,75,195,0.0,0.0,0.0,0.0,0.0,0.0,0.0,0.0,0.0,0.0,0.0,0.0,0.0
295,Evgenii Dadonov,R,29.6,71,189,0.0,0.0,0.0,0.0,0.0,0.0,0.0,0.0,0.0,0.0,0.0,0.0,0.0
296,Evgeny Kuznetsov,C,26.4,74,207,0.0,0.0,0.0,0.0,0.0,0.0,0.0,0.0,0.0,0.0,0.0,0.0,0.0
297,Evgeny Svechnikov,L,21.9,75,208,0.0,0.0,0.0,0.0,0.0,,,0.0,,,0.0,,
298,Filip Chlapik,C,21.3,73,194,0.0,0.0,0.0,0.0,0.0,0.0,0.0,0.0,0.0,0.0,0.0,0.0,0.0
299,Filip Chytil,C,19.1,74,204,0.0,0.0,0.0,0.0,0.0,0.0,0.0,0.0,0.0,0.0,0.0,0.0,0.0
300,Filip Forsberg,L,24.1,73,205,0.0,0.0,0.0,0.0,0.0,0.0,0.0,0.0,0.0,0.0,0.0,0.0,0.0
301,Francois Beauchemin,D,38.3,71,208,0.0,0.0,0.0,0.0,0.0,0.0,0.0,0.0,0.0,0.0,0.0,,0.0
302,Frank Corrado,D,25.5,72,205,0.0,0.0,0.0,0.0,0.0,,,0.0,,,0.0,,
303,Frank Vatrano,R,24.6,71,197,0.0,0.0,0.0,0.0,0.0,0.0,0.0,0.0,0.0,0.0,0.0,0.0,0.0
304,Frans Nielsen,C,34.4,73,186,0.0,0.0,0.0,0.0,0.0,0.0,0.0,0.0,0.0,0.0,0.0,0.0,0.0
305,Freddie Hamilton,C,26.8,73,195,0.0,0.0,0.0,0.0,0.0,0.0,0.0,0.0,0.0,0.0,0.0,0.0,0.0
306,Frederick Gaudreau,C,25.4,72,184,0.0,0.0,0.0,0.0,0.0,0.0,0.0,0.0,0.0,0.0,0.0,0.0,0.0
307,Frederik Gauthier,C,23.4,77,239,0.0,0.0,0.0,0.0,0.0,0.0,0.0,0.0,0.0,0.0,0.0,0.0,0.0
308,Fredrik Claesson,D,25.9,73,196,0.0,0.0,0.0,0.0,0.0,0.0,0.0,0.0,0.0,0.0,0.0,,0.0
309,Gabriel Bourque,L,28.0,70,206,0.0,0.0,0.0,0.0,0.0,0.0,0.0,0.0,0.0,0.0,0.0,0.0,0.0
310,Gabriel Carlsson,D,21.7,77,195,0.0,0.0,0.0,0.0,0.0,0.0,0.0,0.0,0.0,0.0,0.0,,0.0
311,Gabriel Dumont,C,28.0,70,195,0.0,0.0,0.0,0.0,0.0,0.0,0.0,0.0,0.0,0.0,0.0,0.0,0.0
312,Gabriel Landeskog,L,25.9,73,215,0.0,0.0,0.0,0.0,0.0,0.0,0.0,0.0,0.0,0.0,0.0,0.0,0.0
313,Garnet Hathaway,R,26.9,75,208,0.0,0.0,0.0,0.0,0.0,0.0,0.0,0.0,0.0,0.0,0.0,0.0,0.0
314,Gemel Smith,C,24.5,70,203,0.0,0.0,0.0,0.0,0.0,0.0,0.0,0.0,0.0,0.0,0.0,0.0,0.0
315,Giovanni Fiore,L,22.1,73,188,0.0,0.0,0.0,0.0,0.0,0.0,,0.0,0.0,,0.0,0.0,
316,Greg McKegg,C,26.3,72,195,0.0,0.0,0.0,0.0,0.0,0.0,0.0,0.0,0.0,0.0,0.0,0.0,0.0
317,Greg Pateryn,D,28.3,75,212,0.0,0.0,0.0,0.0,0.0,0.0,0.0,0.0,0.0,0.0,0.0,,0.0
318,Gustav Forsling,D,22.3,72,186,0.0,0.0,0.0,0.0,0.0,0.0,0.0,0.0,0.0,0.0,0.0,,0.0
319,Gustav Nyquist,"C, L",29.1,71,180,0.0,0.0,0.0,0.0,0.0,0.0,0.0,0.0,0.0,0.0,0.0,0.0,0.0
320,Gustav Olofsson,D,23.8,74,199,0.0,0.0,0.0,0.0,0.0,0.0,0.0,0.0,0.0,0.0,0.0,,0.0
321,Hampus Lindholm,D,24.7,76,215,0.0,0.0,0.0,0.0,0.0,0.0,0.0,0.0,0.0,0.0,0.0,,0.0
322,Haydn Fleury,D,22.2,76,208,0.0,0.0,0.0,0.0,0.0,0.0,0.0,0.0,0.0,0.0,0.0,,0.0
323,Henrik Borgstrom,C,21.2,75,199,0.0,0.0,0.0,0.0,0.0,0.0,,0.0,0.0,,0.0,0.0,
324,Henrik Haapala,L,24.6,69,165,0.0,0.0,0.0,0.0,0.0,0.0,,0.0,0.0,,0.0,0.0,
325,Henrik Sedin,C,38.0,74,183,0.0,0.0,0.0,0.0,0.0,0.0,0.0,0.0,0.0,0.0,0.0,0.0,0.0
326,Henrik Zetterberg,C,38.0,72,197,0.0,0.0,0.0,0.0,0.0,0.0,0.0,0.0,0.0,0.0,0.0,0.0,0.0
327,Hudson Fasching,R,23.2,75,204,0.0,0.0,0.0,0.0,0.0,0.0,,0.0,0.0,,0.0,0.0,
328,Ian Cole,D,29.6,73,225,0.0,0.0,0.0,0.0,0.0,0.0,0.0,0.0,0.0,0.0,0.0,,0.0
329,Ian McCoshen,D,23.2,75,210,0.0,0.0,0.0,0.0,0.0,0.0,0.0,0.0,0.0,0.0,0.0,,0.0
330,Iiro Pakarinen,R,27.1,73,212,0.0,0.0,0.0,0.0,0.0,0.0,0.0,0.0,0.0,0.0,0.0,0.0,0.0
331,Ivan Barbashev,C,22.8,73,195,0.0,0.0,0.0,0.0,0.0,0.0,0.0,0.0,0.0,0.0,0.0,0.0,0.0
332,Ivan Provorov,D,21.7,73,201,0.0,0.0,0.0,0.0,0.0,0.0,0.0,0.0,0.0,0.0,0.0,,0.0
333,J.T. Brown,R,28.2,70,182,0.0,0.0,0.0,0.0,0.0,0.0,0.0,0.0,0.0,0.0,0.0,0.0,0.0
334,J.T. Compher,L,23.5,72,190,0.0,0.0,0.0,0.0,0.0,0.0,0.0,0.0,0.0,0.0,0.0,0.0,0.0
335,J.T. Miller,C,25.6,73,218,0.0,0.0,0.0,0.0,0.0,0.0,0.0,0.0,0.0,0.0,0.0,0.0,0.0
336,Jaccob Slavin,D,24.4,75,207,0.0,0.0,0.0,0.0,0.0,0.0,0.0,0.0,0.0,0.0,0.0,,0.0
337,Jack Eichel,C,21.9,74,207,0.0,0.0,0.0,0.0,0.0,0.0,0.0,0.0,0.0,0.0,0.0,0.0,0.0
338,Jack Johnson,D,31.7,73,227,0.0,0.0,0.0,0.0,0.0,0.0,0.0,0.0,0.0,0.0,0.0,,0.0
339,Jack Rodewald,R,24.6,74,189,0.0,0.0,0.0,0.0,0.0,0.0,0.0,0.0,0.0,0.0,0.0,0.0,0.0
340,Jack Roslovic,C,21.7,73,200,0.0,0.0,0.0,0.0,0.0,0.0,,0.0,0.0,,0.0,0.0,
341,Jacob Josefson,C,27.6,72,196,0.0,0.0,0.0,0.0,0.0,0.0,0.0,0.0,0.0,0.0,0.0,0.0,0.0
342,Jacob Trouba,D,24.6,75,203,0.0,0.0,0.0,0.0,0.0,0.0,0.0,0.0,0.0,0.0,0.0,,0.0
343,Jacob de la Rose,L,23.4,75,215,0.0,0.0,0.0,0.0,0.0,0.0,0.0,0.0,0.0,0.0,0.0,0.0,0.0
344,Jaden Schwartz,C,26.3,70,185,0.0,0.0,0.0,0.0,0.0,0.0,0.0,0.0,0.0,0.0,0.0,0.0,0.0
345,Jake DeBrusk,L,22.0,72,197,0.0,0.0,0.0,0.0,0.0,0.0,0.0,0.0,0.0,0.0,0.0,0.0,0.0
346,Jake Dotchin,D,24.5,75,210,0.0,0.0,0.0,0.0,0.0,0.0,0.0,0.0,0.0,0.0,0.0,,0.0
347,Jake Gardiner,D,28.2,74,203,0.0,0.0,0.0,0.0,0.0,0.0,0.0,0.0,0.0,0.0,0.0,,0.0
348,Jake Guentzel,L,24.0,71,180,0.0,0.0,0.0,0.0,0.0,0.0,0.0,0.0,0.0,0.0,0.0,0.0,0.0
349,Jake McCabe,D,25.0,73,204,0.0,0.0,0.0,0.0,0.0,0.0,0.0,0.0,0.0,0.0,0.0,,0.0
350,Jake Muzzin,D,29.6,75,227,0.0,0.0,0.0,0.0,0.0,0.0,0.0,0.0,0.0,0.0,0.0,,0.0
351,Jake Virtanen,R,22.1,73,226,0.0,0.0,0.0,0.0,0.0,0.0,0.0,0.0,0.0,0.0,0.0,0.0,0.0
352,Jakob Chychrun,D,20.5,74,220,0.0,0.0,0.0,0.0,0.0,0.0,0.0,0.0,0.0,0.0,0.0,,0.0
353,Jakob Silfverberg,R,28.0,73,207,0.0,0.0,0.0,0.0,0.0,0.0,0.0,0.0,0.0,0.0,0.0,0.0,0.0
354,Jakub Jerabek,D,27.4,71,199,0.0,0.0,0.0,0.0,0.0,0.0,0.0,0.0,0.0,0.0,0.0,,0.0
355,Jakub Voracek,R,29.1,74,216,0.0,0.0,0.0,0.0,0.0,0.0,0.0,0.0,0.0,0.0,0.0,0.0,0.0
356,Jakub Vrana,L,22.6,72,190,0.0,0.0,0.0,0.0,0.0,0.0,0.0,0.0,0.0,0.0,0.0,0.0,0.0
357,James Neal,L,31.1,75,212,0.0,0.0,0.0,0.0,0.0,0.0,0.0,0.0,0.0,0.0,0.0,0.0,0.0
358,James van Riemsdyk,L,29.4,75,208,0.0,0.0,0.0,0.0,0.0,0.0,0.0,0.0,0.0,0.0,0.0,0.0,0.0
359,Jamie Benn,L,29.2,74,205,0.0,0.0,0.0,0.0,0.0,0.0,0.0,0.0,0.0,0.0,0.0,0.0,0.0
360,Jamie McGinn,L,30.2,73,205,0.0,0.0,0.0,0.0,0.0,0.0,0.0,0.0,0.0,0.0,0.0,0.0,0.0
361,Jamie Oleksiak,D,25.8,79,257,0.0,0.0,0.0,0.0,0.0,0.0,0.0,0.0,0.0,0.0,0.0,,0.0
362,Jan Rutta,D,28.2,75,204,0.0,0.0,0.0,0.0,0.0,0.0,0.0,0.0,0.0,0.0,0.0,,0.0
363,Janne Kuokkanen,"C, L",20.4,73,193,0.0,0.0,0.0,0.0,0.0,,,0.0,,,0.0,,
364,Jannik Hansen,R,32.5,73,198,0.0,0.0,0.0,0.0,0.0,0.0,0.0,0.0,0.0,0.0,0.0,0.0,0.0
365,Jared Boll,R,32.4,75,206,0.0,0.0,0.0,0.0,0.0,0.0,,0.0,0.0,,0.0,0.0,
366,Jared McCann,L,22.3,73,191,0.0,0.0,0.0,0.0,0.0,0.0,0.0,0.0,0.0,0.0,0.0,0.0,0.0
367,Jared Spurgeon,D,28.8,69,166,0.0,0.0,0.0,0.0,0.0,0.0,0.0,0.0,0.0,0.0,0.0,,0.0
368,Jaromir Jagr,R,46.6,75,230,0.0,0.0,0.0,0.0,0.0,0.0,0.0,0.0,0.0,0.0,0.0,0.0,0.0
369,Jason Chimera,L,39.4,75,215,0.0,0.0,0.0,0.0,0.0,0.0,0.0,0.0,0.0,0.0,0.0,0.0,0.0
370,Jason Demers,D,30.3,73,195,0.0,0.0,0.0,0.0,0.0,0.0,0.0,0.0,0.0,0.0,0.0,,0.0
371,Jason Dickinson,C,23.2,74,200,0.0,0.0,0.0,0.0,0.0,0.0,0.0,0.0,0.0,0.0,0.0,0.0,0.0
372,Jason Garrison,D,33.9,73,218,0.0,0.0,0.0,0.0,0.0,0.0,0.0,0.0,0.0,0.0,0.0,,0.0
373,Jason Pominville,R,35.8,72,180,0.0,0.0,0.0,0.0,0.0,0.0,0.0,0.0,0.0,0.0,0.0,0.0,0.0
374,Jason Spezza,C,35.3,75,219,0.0,0.0,0.0,0.0,0.0,0.0,0.0,0.0,0.0,0.0,0.0,0.0,0.0
375,Jason Zucker,L,26.7,71,192,0.0,0.0,0.0,0.0,0.0,0.0,0.0,0.0,0.0,0.0,0.0,0.0,0.0
376,Jay Beagle,C,33.0,75,210,0.0,0.0,0.0,0.0,0.0,0.0,0.0,0.0,0.0,0.0,0.0,0.0,0.0
377,Jay Bouwmeester,D,35.0,76,206,0.0,0.0,0.0,0.0,0.0,0.0,0.0,0.0,0.0,0.0,0.0,,0.0
378,Jaycob Megna,D,25.8,78,220,0.0,0.0,0.0,0.0,0.0,0.0,0.0,0.0,0.0,0.0,0.0,,0.0
379,Jayson Megna,C,28.7,73,195,0.0,0.0,0.0,0.0,0.0,,,0.0,,,0.0,,
380,Jean-Gabriel Pageau,C,25.9,71,185,0.0,0.0,0.0,0.0,0.0,0.0,0.0,0.0,0.0,0.0,0.0,0.0,0.0
381,Jean-Sebastien Dea,C,24.6,71,174,0.0,0.0,0.0,0.0,0.0,,,0.0,,,0.0,,
382,Jeff Carter,C,33.7,75,219,0.0,0.0,0.0,0.0,0.0,0.0,0.0,0.0,0.0,0.0,0.0,0.0,0.0
383,Jeff Petry,D,30.8,75,209,0.0,0.0,0.0,0.0,0.0,0.0,0.0,0.0,0.0,0.0,0.0,,0.0
384,Jeff Skinner,L,26.4,71,197,0.0,0.0,0.0,0.0,0.0,0.0,0.0,0.0,0.0,0.0,0.0,0.0,0.0
385,Jesper Bratt,L,20.2,70,175,0.0,0.0,0.0,0.0,0.0,0.0,0.0,0.0,0.0,0.0,0.0,0.0,0.0
386,Jesper Fast,R,26.8,73,191,0.0,0.0,0.0,0.0,0.0,0.0,0.0,0.0,0.0,0.0,0.0,0.0,0.0
387,Jesse Puljujarvi,R,20.4,76,201,0.0,0.0,0.0,0.0,0.0,0.0,0.0,0.0,0.0,0.0,0.0,0.0,0.0
388,Jim O'Brien,C,29.7,75,195,0.0,0.0,0.0,0.0,0.0,,0.0,0.0,,0.0,0.0,,0.0
389,Jimmy Hayes,R,28.9,77,215,0.0,0.0,0.0,0.0,0.0,0.0,0.0,0.0,0.0,0.0,0.0,0.0,0.0
390,Jimmy Vesey,L,25.4,75,202,0.0,0.0,0.0,0.0,0.0,0.0,0.0,0.0,0.0,0.0,0.0,0.0,0.0
391,Joakim Nordstrom,C,26.6,73,194,0.0,0.0,0.0,0.0,0.0,0.0,0.0,0.0,0.0,0.0,0.0,0.0,0.0
392,Joakim Ryan,D,25.3,71,185,0.0,0.0,0.0,0.0,0.0,0.0,0.0,0.0,0.0,0.0,0.0,,0.0
393,Joe Hicketts,D,22.4,68,180,0.0,0.0,0.0,0.0,0.0,0.0,0.0,0.0,0.0,0.0,0.0,,0.0
394,Joe Morrow,D,25.8,72,196,0.0,0.0,0.0,0.0,0.0,0.0,0.0,0.0,0.0,0.0,0.0,,0.0
395,Joe Pavelski,C,34.2,71,200,0.0,0.0,0.0,0.0,0.0,0.0,0.0,0.0,0.0,0.0,0.0,0.0,0.0
396,Joe Thornton,C,39.3,76,220,0.0,0.0,0.0,0.0,0.0,0.0,0.0,0.0,0.0,0.0,0.0,0.0,0.0
397,Joel Armia,R,25.3,75,216,0.0,0.0,0.0,0.0,0.0,0.0,0.0,0.0,0.0,0.0,0.0,0.0,0.0
398,Joel Edmundson,D,25.3,77,221,0.0,0.0,0.0,0.0,0.0,0.0,0.0,0.0,0.0,0.0,0.0,,0.0
399,Joel Eriksson Ek,C,21.7,75,207,0.0,0.0,0.0,0.0,0.0,0.0,0.0,0.0,0.0,0.0,0.0,0.0,0.0
400,Joel Hanley,D,27.3,71,190,0.0,0.0,0.0,0.0,0.0,0.0,0.0,0.0,0.0,0.0,0.0,,0.0
401,Joel Ward,R,37.8,73,225,0.0,0.0,0.0,0.0,0.0,0.0,0.0,0.0,0.0,0.0,0.0,0.0,0.0
402,Johan Larsson,L,26.2,71,206,0.0,0.0,0.0,0.0,0.0,0.0,0.0,0.0,0.0,0.0,0.0,0.0,0.0
403,John Carlson,D,28.7,75,215,0.0,0.0,0.0,0.0,0.0,0.0,0.0,0.0,0.0,0.0,0.0,,0.0
404,John Gilmour,D,25.4,72,188,0.0,0.0,0.0,0.0,0.0,0.0,0.0,0.0,0.0,0.0,0.0,,0.0
405,John Hayden,C,23.6,75,223,0.0,0.0,0.0,0.0,0.0,0.0,0.0,0.0,0.0,0.0,0.0,0.0,0.0
406,John Klingberg,D,26.1,75,190,0.0,0.0,0.0,0.0,0.0,0.0,0.0,0.0,0.0,0.0,0.0,,0.0
407,John Moore,D,27.9,75,207,0.0,0.0,0.0,0.0,0.0,0.0,0.0,0.0,0.0,0.0,0.0,,0.0
408,John Quenneville,C,22.5,73,195,0.0,0.0,0.0,0.0,0.0,0.0,,0.0,0.0,,0.0,0.0,
409,John Tavares,C,28.0,73,216,0.0,0.0,0.0,0.0,0.0,0.0,0.0,0.0,0.0,0.0,0.0,0.0,0.0
410,Johnny Boychuk,D,34.7,74,227,0.0,0.0,0.0,0.0,0.0,0.0,0.0,0.0,0.0,0.0,0.0,,0.0
411,Johnny Gaudreau,L,25.1,69,165,0.0,0.0,0.0,0.0,0.0,0.0,0.0,0.0,0.0,0.0,0.0,0.0,0.0
412,Johnny Oduya,D,37.0,72,191,0.0,0.0,0.0,0.0,0.0,0.0,0.0,0.0,0.0,0.0,0.0,,0.0
413,Jon Merrill,D,26.7,75,204,0.0,0.0,0.0,0.0,0.0,0.0,0.0,0.0,0.0,0.0,0.0,,0.0
414,Jonas Brodin,D,25.2,74,196,0.0,0.0,0.0,0.0,0.0,0.0,0.0,0.0,0.0,0.0,0.0,,0.0
415,Jonathan Drouin,L,23.5,71,198,0.0,0.0,0.0,0.0,0.0,0.0,0.0,0.0,0.0,0.0,0.0,0.0,0.0
416,Jonathan Ericsson,D,34.6,76,218,0.0,0.0,0.0,0.0,0.0,0.0,0.0,0.0,0.0,0.0,0.0,,0.0
417,Jonathan Huberdeau,C,25.3,73,200,0.0,0.0,0.0,0.0,0.0,0.0,0.0,0.0,0.0,0.0,0.0,0.0,0.0
418,Jonathan Marchessault,"C, R",27.8,69,183,0.0,0.0,0.0,0.0,0.0,0.0,0.0,0.0,0.0,0.0,0.0,0.0,0.0
419,Jonathan Toews,C,30.4,74,201,0.0,0.0,0.0,0.0,0.0,0.0,0.0,0.0,0.0,0.0,0.0,0.0,0.0
420,Jonny Brodzinski,C,25.3,72,212,0.0,0.0,0.0,0.0,0.0,0.0,0.0,0.0,0.0,0.0,0.0,0.0,0.0
421,Joonas Donskoi,R,26.5,72,185,0.0,0.0,0.0,0.0,0.0,0.0,0.0,0.0,0.0,0.0,0.0,0.0,0.0
422,Jordan Eberle,R,28.4,71,190,0.0,0.0,0.0,0.0,0.0,0.0,0.0,0.0,0.0,0.0,0.0,0.0,0.0
423,Jordan Greenway,L,21.6,78,231,0.0,0.0,0.0,0.0,0.0,0.0,0.0,0.0,0.0,0.0,0.0,0.0,0.0
424,Jordan Martinook,L,26.2,72,196,0.0,0.0,0.0,0.0,0.0,0.0,0.0,0.0,0.0,0.0,0.0,0.0,0.0
425,Jordan Nolan,C,29.3,75,219,0.0,0.0,0.0,0.0,0.0,0.0,0.0,0.0,0.0,0.0,0.0,0.0,0.0
426,Jordan Oesterle,D,26.3,72,187,0.0,0.0,0.0,0.0,0.0,0.0,0.0,0.0,0.0,0.0,0.0,,0.0
427,Jordan Schmaltz,D,25.0,74,196,0.0,0.0,0.0,0.0,0.0,0.0,,0.0,0.0,,0.0,,
428,Jordan Schroeder,L,28.0,69,170,0.0,0.0,0.0,0.0,0.0,0.0,0.0,0.0,0.0,0.0,0.0,0.0,0.0
429,Jordan Staal,C,30.1,76,220,0.0,0.0,0.0,0.0,0.0,0.0,0.0,0.0,0.0,0.0,0.0,0.0,0.0
430,Jordan Szwarz,R,27.4,71,192,0.0,0.0,0.0,0.0,0.0,0.0,0.0,0.0,0.0,0.0,0.0,0.0,0.0
431,Jordan Weal,C,26.5,70,181,0.0,0.0,0.0,0.0,0.0,0.0,0.0,0.0,0.0,0.0,0.0,0.0,0.0
432,Jordie Benn,D,31.2,74,201,0.0,0.0,0.0,0.0,0.0,0.0,0.0,0.0,0.0,0.0,0.0,,0.0
433,Jori Lehtera,C,30.8,74,212,0.0,0.0,0.0,0.0,0.0,0.0,0.0,0.0,0.0,0.0,0.0,0.0,0.0
434,Joseph Blandisi,C,24.2,72,184,0.0,0.0,0.0,0.0,0.0,0.0,,0.0,0.0,,0.0,0.0,
435,Josh Anderson,R,24.4,75,218,0.0,0.0,0.0,0.0,0.0,0.0,0.0,0.0,0.0,0.0,0.0,0.0,0.0
436,Josh Archibald,R,26.0,70,176,0.0,0.0,0.0,0.0,0.0,0.0,0.0,0.0,0.0,0.0,0.0,0.0,0.0
437,Josh Bailey,R,29.0,73,200,0.0,0.0,0.0,0.0,0.0,0.0,0.0,0.0,0.0,0.0,0.0,0.0,0.0
438,Josh Gorges,D,34.1,73,204,0.0,0.0,0.0,0.0,0.0,0.0,0.0,0.0,0.0,0.0,0.0,,0.0
439,Josh Jooris,R,28.2,73,198,0.0,0.0,0.0,0.0,0.0,0.0,0.0,0.0,0.0,0.0,0.0,0.0,0.0
440,Josh Leivo,L,25.4,74,192,0.0,0.0,0.0,0.0,0.0,0.0,,0.0,0.0,,0.0,0.0,
441,Josh Manson,D,27.0,75,218,0.0,0.0,0.0,0.0,0.0,0.0,0.0,0.0,0.0,0.0,0.0,,0.0
442,Josh Morrissey,D,23.5,72,185,0.0,0.0,0.0,0.0,0.0,0.0,0.0,0.0,0.0,0.0,0.0,,0.0
443,Joshua Ho-Sang,R,22.7,72,173,0.0,0.0,0.0,0.0,0.0,0.0,,0.0,0.0,,0.0,0.0,
444,Jujhar Khaira,L,24.1,76,212,0.0,0.0,0.0,0.0,0.0,0.0,0.0,0.0,0.0,0.0,0.0,0.0,0.0
445,Julius Honka,D,22.8,71,180,0.0,0.0,0.0,0.0,0.0,0.0,0.0,0.0,0.0,0.0,0.0,,0.0
446,Jussi Jokinen,L,35.5,72,191,0.0,0.0,0.0,0.0,0.0,0.0,0.0,0.0,0.0,0.0,0.0,0.0,0.0
447,Justin Abdelkader,L,31.6,74,213,0.0,0.0,0.0,0.0,0.0,0.0,0.0,0.0,0.0,0.0,0.0,0.0,0.0
448,Justin Auger,R,24.4,78,232,0.0,0.0,0.0,0.0,0.0,,,0.0,,,0.0,,
449,Justin Bailey,R,23.3,76,214,0.0,0.0,0.0,0.0,0.0,0.0,0.0,0.0,0.0,0.0,0.0,0.0,0.0
450,Justin Braun,D,31.6,74,205,0.0,0.0,0.0,0.0,0.0,0.0,0.0,0.0,0.0,0.0,0.0,,0.0
451,Justin Falk,D,30.0,77,223,0.0,0.0,0.0,0.0,0.0,0.0,0.0,0.0,0.0,0.0,0.0,,0.0
452,Justin Faulk,D,26.5,72,214,0.0,0.0,0.0,0.0,0.0,0.0,0.0,0.0,0.0,0.0,0.0,,0.0
453,Justin Holl,D,26.7,75,197,0.0,0.0,0.0,0.0,0.0,,0.0,0.0,,0.0,0.0,,0.0
454,Justin Kloos,C,24.8,69,175,0.0,0.0,0.0,0.0,0.0,0.0,,0.0,0.0,,0.0,0.0,
455,Justin Schultz,D,28.2,74,190,0.0,0.0,0.0,0.0,0.0,0.0,0.0,0.0,0.0,0.0,0.0,,0.0
456,Justin Williams,R,37.0,73,184,0.0,0.0,0.0,0.0,0.0,0.0,0.0,0.0,0.0,0.0,0.0,0.0,0.0
457,Kailer Yamamoto,R,20.0,68,153,0.0,0.0,0.0,0.0,0.0,0.0,0.0,0.0,0.0,0.0,0.0,0.0,0.0
458,Kalle Kossila,C,25.5,70,182,0.0,0.0,0.0,0.0,0.0,0.0,0.0,0.0,0.0,0.0,0.0,0.0,0.0
459,Karl Alzner,D,30.0,75,213,0.0,0.0,0.0,0.0,0.0,0.0,0.0,0.0,0.0,0.0,0.0,,0.0
460,Kasperi Kapanen,R,22.2,73,194,0.0,0.0,0.0,0.0,0.0,0.0,0.0,0.0,0.0,0.0,0.0,0.0,0.0
461,Keegan Lowe,D,25.5,73,191,0.0,0.0,0.0,0.0,0.0,,0.0,0.0,,0.0,0.0,,0.0
462,Keith Yandle,D,32.1,73,192,0.0,0.0,0.0,0.0,0.0,0.0,0.0,0.0,0.0,0.0,0.0,,0.0
463,Kenny Agostino,L,26.4,72,204,0.0,0.0,0.0,0.0,0.0,0.0,,0.0,0.0,,0.0,0.0,
464,Kerby Rychel,L,24.0,73,213,0.0,0.0,0.0,0.0,0.0,0.0,,0.0,0.0,,0.0,0.0,
465,Kevan Miller,D,30.9,74,210,0.0,0.0,0.0,0.0,0.0,0.0,0.0,0.0,0.0,0.0,0.0,,0.0
466,Kevin Bieksa,D,37.3,73,197,0.0,0.0,0.0,0.0,0.0,0.0,0.0,0.0,0.0,0.0,0.0,,0.0
467,Kevin Connauton,D,28.6,74,205,0.0,0.0,0.0,0.0,0.0,0.0,0.0,0.0,0.0,0.0,0.0,,0.0
468,Kevin Fiala,L,22.2,70,204,0.0,0.0,0.0,0.0,0.0,0.0,0.0,0.0,0.0,0.0,0.0,0.0,0.0
469,Kevin Gravel,D,26.6,76,205,0.0,0.0,0.0,0.0,0.0,0.0,0.0,0.0,0.0,0.0,0.0,,0.0
470,Kevin Hayes,C,26.4,77,216,0.0,0.0,0.0,0.0,0.0,0.0,0.0,0.0,0.0,0.0,0.0,0.0,0.0
471,Kevin Labanc,R,22.8,71,185,0.0,0.0,0.0,0.0,0.0,0.0,0.0,0.0,0.0,0.0,0.0,0.0,0.0
472,Kevin Rooney,C,25.4,74,190,0.0,0.0,0.0,0.0,0.0,0.0,0.0,0.0,0.0,0.0,0.0,0.0,0.0
473,Kevin Roy,L,25.4,69,170,0.0,0.0,0.0,0.0,0.0,0.0,0.0,0.0,0.0,0.0,0.0,0.0,0.0
474,Kevin Shattenkirk,D,29.7,72,212,0.0,0.0,0.0,0.0,0.0,0.0,0.0,0.0,0.0,0.0,0.0,,0.0
475,Klas Dahlbeck,D,27.2,75,207,0.0,0.0,0.0,0.0,0.0,0.0,0.0,0.0,0.0,0.0,0.0,,0.0
476,Korbinian Holzer,D,30.6,75,213,0.0,0.0,0.0,0.0,0.0,,0.0,0.0,,0.0,0.0,,0.0
477,Kris Letang,D,31.4,72,201,0.0,0.0,0.0,0.0,0.0,0.0,0.0,0.0,0.0,0.0,0.0,,0.0
478,Kris Russell,D,31.4,70,170,0.0,0.0,0.0,0.0,0.0,0.0,0.0,0.0,0.0,0.0,0.0,,0.0
479,Kris Versteeg,R,32.4,71,176,0.0,0.0,0.0,0.0,0.0,0.0,,0.0,0.0,,0.0,0.0,
480,Kurtis MacDermid,D,24.5,77,233,0.0,0.0,0.0,0.0,0.0,0.0,0.0,0.0,0.0,0.0,0.0,,0.0
481,Kyle Brodziak,C,34.4,74,205,0.0,0.0,0.0,0.0,0.0,0.0,0.0,0.0,0.0,0.0,0.0,0.0,0.0
482,Kyle Capobianco,D,21.1,74,201,0.0,0.0,0.0,0.0,0.0,,0.0,0.0,,0.0,0.0,,0.0
483,Kyle Clifford,L,27.7,74,217,0.0,0.0,0.0,0.0,0.0,0.0,0.0,0.0,0.0,0.0,0.0,0.0,0.0
484,Kyle Connor,L,21.8,74,179,0.0,0.0,0.0,0.0,0.0,0.0,0.0,0.0,0.0,0.0,0.0,0.0,0.0
485,Kyle Criscuolo,C,26.4,69,175,0.0,0.0,0.0,0.0,0.0,0.0,0.0,0.0,0.0,0.0,0.0,0.0,0.0
486,Kyle Okposo,R,30.5,72,218,0.0,0.0,0.0,0.0,0.0,0.0,0.0,0.0,0.0,0.0,0.0,0.0,0.0
487,Kyle Palmieri,C,27.7,71,198,0.0,0.0,0.0,0.0,0.0,0.0,0.0,0.0,0.0,0.0,0.0,0.0,0.0
488,Kyle Quincey,D,33.1,74,210,0.0,0.0,0.0,0.0,0.0,0.0,0.0,0.0,0.0,0.0,0.0,,0.0
489,Kyle Rau,C,25.9,69,171,0.0,0.0,0.0,0.0,0.0,,,0.0,,,0.0,,
490,Kyle Turris,C,29.1,73,190,0.0,0.0,0.0,0.0,0.0,0.0,0.0,0.0,0.0,0.0,0.0,0.0,0.0
491,Lance Bouma,L,28.5,74,208,0.0,0.0,0.0,0.0,0.0,0.0,0.0,0.0,0.0,0.0,0.0,0.0,0.0
492,Landon Ferraro,C,27.1,72,173,0.0,0.0,0.0,0.0,0.0,0.0,,0.0,0.0,,0.0,0.0,
493,Lars Eller,C,29.4,74,205,0.0,0.0,0.0,0.0,0.0,0.0,0.0,0.0,0.0,0.0,0.0,0.0,0.0
494,Laurent Dauphin,C,23.5,72,186,0.0,0.0,0.0,0.0,0.0,,,0.0,,,0.0,,
495,Lawson Crouse,L,21.3,76,215,0.0,0.0,0.0,0.0,0.0,0.0,0.0,0.0,0.0,0.0,0.0,0.0,0.0
496,Lee Stempniak,R,35.7,71,195,0.0,0.0,0.0,0.0,0.0,0.0,0.0,0.0,0.0,0.0,0.0,0.0,0.0
497,Leo Komarov,R,31.7,71,205,0.0,0.0,0.0,0.0,0.0,0.0,0.0,0.0,0.0,0.0,0.0,0.0,0.0
498,Leon Draisaitl,C,22.9,74,208,0.0,0.0,0.0,0.0,0.0,0.0,0.0,0.0,0.0,0.0,0.0,0.0,0.0
499,Liam O'Brien,C,24.2,73,213,0.0,0.0,0.0,0.0,0.0,,,0.0,,,0.0,,
500,Lias Andersson,C,20.0,73,185,0.0,0.0,0.0,0.0,0.0,0.0,0.0,0.0,0.0,0.0,0.0,0.0,0.0
501,Logan Brown,C,20.6,78,218,0.0,0.0,0.0,0.0,0.0,0.0,,0.0,0.0,,0.0,0.0,
502,Logan Couture,C,29.5,73,206,0.0,0.0,0.0,0.0,0.0,0.0,0.0,0.0,0.0,0.0,0.0,0.0,0.0
503,Logan Shaw,R,26.0,75,208,0.0,0.0,0.0,0.0,0.0,0.0,0.0,0.0,0.0,0.0,0.0,0.0,0.0
504,Loui Eriksson,L,33.2,74,179,0.0,0.0,0.0,0.0,0.0,0.0,0.0,0.0,0.0,0.0,0.0,0.0,0.0
505,Louie Belpedio,D,22.4,71,197,0.0,0.0,0.0,0.0,0.0,0.0,,0.0,0.0,,0.0,,
506,Luca Sbisa,D,28.7,74,206,0.0,0.0,0.0,0.0,0.0,0.0,0.0,0.0,0.0,0.0,0.0,,0.0
507,Lucas Wallmark,C,23.1,72,178,0.0,0.0,0.0,0.0,0.0,0.0,0.0,0.0,0.0,0.0,0.0,0.0,0.0
508,Lukas Sedlak,C,25.6,72,205,0.0,0.0,0.0,0.0,0.0,0.0,0.0,0.0,0.0,0.0,0.0,0.0,0.0
509,Luke Glendening,C,29.4,71,190,0.0,0.0,0.0,0.0,0.0,0.0,0.0,0.0,0.0,0.0,0.0,0.0,0.0
510,Luke Kunin,C,20.8,72,197,0.0,0.0,0.0,0.0,0.0,0.0,0.0,0.0,0.0,0.0,0.0,0.0,0.0
511,Luke Schenn,D,28.9,74,225,0.0,0.0,0.0,0.0,0.0,0.0,0.0,0.0,0.0,0.0,0.0,,0.0
512,Luke Witkowski,D,28.5,74,210,0.0,0.0,0.0,0.0,0.0,0.0,0.0,0.0,0.0,0.0,0.0,,0.0
513,MacKenzie Weegar,D,24.7,72,206,0.0,0.0,0.0,0.0,0.0,0.0,0.0,0.0,0.0,0.0,0.0,,0.0
514,Madison Bowey,D,23.4,73,207,0.0,0.0,0.0,0.0,0.0,0.0,0.0,0.0,0.0,0.0,0.0,,0.0
515,Magnus Paajarvi,L,27.5,75,206,0.0,0.0,0.0,0.0,0.0,0.0,0.0,0.0,0.0,0.0,0.0,0.0,0.0
516,Marc Methot,D,33.3,76,230,0.0,0.0,0.0,0.0,0.0,0.0,0.0,0.0,0.0,0.0,0.0,,0.0
517,Marc Staal,D,31.7,76,208,0.0,0.0,0.0,0.0,0.0,0.0,0.0,0.0,0.0,0.0,0.0,,0.0
518,Marc-Edouard Vlasic,D,31.5,73,205,0.0,0.0,0.0,0.0,0.0,0.0,0.0,0.0,0.0,0.0,0.0,,0.0
519,Marco Scandella,D,28.6,75,212,0.0,0.0,0.0,0.0,0.0,0.0,0.0,0.0,0.0,0.0,0.0,,0.0
520,Marcus Foligno,L,27.1,75,226,0.0,0.0,0.0,0.0,0.0,0.0,0.0,0.0,0.0,0.0,0.0,0.0,0.0
521,Marcus Johansson,L,28.0,73,203,0.0,0.0,0.0,0.0,0.0,0.0,0.0,0.0,0.0,0.0,0.0,0.0,0.0
522,Marcus Kruger,C,28.3,72,186,0.0,0.0,0.0,0.0,0.0,0.0,0.0,0.0,0.0,0.0,0.0,0.0,0.0
523,Marcus Pettersson,D,22.4,75,177,0.0,0.0,0.0,0.0,0.0,0.0,0.0,0.0,0.0,0.0,0.0,,0.0
524,Marcus Sorensen,L,26.5,71,175,0.0,0.0,0.0,0.0,0.0,0.0,0.0,0.0,0.0,0.0,0.0,0.0,0.0
525,Marek Hrivik,L,27.1,74,197,0.0,0.0,0.0,0.0,0.0,0.0,,0.0,0.0,,0.0,0.0,
526,Marian Gaborik,R,36.6,73,200,0.0,0.0,0.0,0.0,0.0,0.0,0.0,0.0,0.0,0.0,0.0,0.0,0.0
527,Mario Kempe,R,30.0,72,185,0.0,0.0,0.0,0.0,0.0,0.0,0.0,0.0,0.0,0.0,0.0,0.0,0.0
528,Mark Alt,D,27.0,76,201,0.0,0.0,0.0,0.0,0.0,0.0,0.0,0.0,0.0,0.0,0.0,,0.0
529,Mark Barberio,D,28.5,73,200,0.0,0.0,0.0,0.0,0.0,0.0,0.0,0.0,0.0,0.0,0.0,,0.0
530,Mark Borowiecki,D,29.2,74,204,0.0,0.0,0.0,0.0,0.0,0.0,0.0,0.0,0.0,0.0,0.0,,0.0
531,Mark Giordano,D,35.0,72,205,0.0,0.0,0.0,0.0,0.0,0.0,0.0,0.0,0.0,0.0,0.0,,0.0
532,Mark Jankowski,C,24.1,76,212,0.0,0.0,0.0,0.0,0.0,0.0,0.0,0.0,0.0,0.0,0.0,0.0,0.0
533,Mark Letestu,C,33.7,70,195,0.0,0.0,0.0,0.0,0.0,0.0,0.0,0.0,0.0,0.0,0.0,0.0,0.0
534,Mark Pysyk,D,26.7,73,198,0.0,0.0,0.0,0.0,0.0,0.0,0.0,0.0,0.0,0.0,0.0,,0.0
535,Mark Scheifele,C,25.5,75,198,0.0,0.0,0.0,0.0,0.0,0.0,0.0,0.0,0.0,0.0,0.0,0.0,0.0
536,Mark Stone,R,26.4,75,217,0.0,0.0,0.0,0.0,0.0,0.0,0.0,0.0,0.0,0.0,0.0,0.0,0.0
537,Mark Streit,D,40.8,71,186,0.0,0.0,0.0,0.0,0.0,0.0,,0.0,0.0,,0.0,,
538,Marko Dano,L,23.8,71,201,0.0,0.0,0.0,0.0,0.0,0.0,0.0,0.0,0.0,0.0,0.0,0.0,0.0
539,Markus Granlund,C,25.5,72,180,0.0,0.0,0.0,0.0,0.0,0.0,0.0,0.0,0.0,0.0,0.0,0.0,0.0
540,Markus Hannikainen,L,25.5,73,200,0.0,0.0,0.0,0.0,0.0,0.0,0.0,0.0,0.0,0.0,0.0,0.0,0.0
541,Markus Nutivaara,D,24.3,73,187,0.0,0.0,0.0,0.0,0.0,0.0,0.0,0.0,0.0,0.0,0.0,,0.0
542,Martin Frk,R,25.0,73,210,0.0,0.0,0.0,0.0,0.0,0.0,0.0,0.0,0.0,0.0,0.0,0.0,0.0
543,Martin Hanzal,C,31.6,78,230,0.0,0.0,0.0,0.0,0.0,0.0,0.0,0.0,0.0,0.0,0.0,0.0,0.0
544,Martin Marincin,D,26.6,77,217,0.0,0.0,0.0,0.0,0.0,0.0,0.0,0.0,0.0,0.0,0.0,,0.0
545,Martin Necas,C,19.7,74,189,0.0,0.0,0.0,0.0,0.0,,,0.0,,,0.0,,
546,Mathew Barzal,C,21.4,73,190,0.0,0.0,0.0,0.0,0.0,0.0,0.0,0.0,0.0,0.0,0.0,0.0,0.0
547,Mathieu Perreault,C,30.7,70,189,0.0,0.0,0.0,0.0,0.0,0.0,0.0,0.0,0.0,0.0,0.0,0.0,0.0
548,Mats Zuccarello,R,31.1,68,181,0.0,0.0,0.0,0.0,0.0,0.0,0.0,0.0,0.0,0.0,0.0,0.0,0.0
549,Matt Bartkowski,D,30.3,73,201,0.0,0.0,0.0,0.0,0.0,0.0,0.0,0.0,0.0,0.0,0.0,,0.0
550,Matt Beleskey,L,30.3,72,207,0.0,0.0,0.0,0.0,0.0,0.0,0.0,0.0,0.0,0.0,0.0,0.0,0.0
551,Matt Calvert,L,28.8,71,186,0.0,0.0,0.0,0.0,0.0,0.0,0.0,0.0,0.0,0.0,0.0,0.0,0.0
552,Matt Cullen,C,41.9,73,202,0.0,0.0,0.0,0.0,0.0,0.0,0.0,0.0,0.0,0.0,0.0,0.0,0.0
553,Matt Duchene,C,27.7,71,195,0.0,0.0,0.0,0.0,0.0,0.0,0.0,0.0,0.0,0.0,0.0,0.0,0.0
554,Matt Dumba,D,24.2,72,181,0.0,0.0,0.0,0.0,0.0,0.0,0.0,0.0,0.0,0.0,0.0,,0.0
555,Matt Grzelcyk,D,24.7,70,176,0.0,0.0,0.0,0.0,0.0,0.0,0.0,0.0,0.0,0.0,0.0,,0.0
556,Matt Hendricks,C,37.3,72,211,0.0,0.0,0.0,0.0,0.0,0.0,0.0,0.0,0.0,0.0,0.0,0.0,0.0
557,Matt Hunwick,D,33.4,71,194,0.0,0.0,0.0,0.0,0.0,0.0,0.0,0.0,0.0,0.0,0.0,,0.0
558,Matt Irwin,D,30.8,74,200,0.0,0.0,0.0,0.0,0.0,0.0,0.0,0.0,0.0,0.0,0.0,,0.0
559,Matt Martin,L,29.4,75,220,0.0,0.0,0.0,0.0,0.0,0.0,,0.0,0.0,,0.0,0.0,
560,Matt Moulson,L,34.9,73,188,0.0,0.0,0.0,0.0,0.0,0.0,0.0,0.0,0.0,0.0,0.0,0.0,0.0
561,Matt Nieto,L,25.9,71,187,0.0,0.0,0.0,0.0,0.0,0.0,0.0,0.0,0.0,0.0,0.0,0.0,0.0
562,Matt Niskanen,D,31.8,73,203,0.0,0.0,0.0,0.0,0.0,0.0,0.0,0.0,0.0,0.0,0.0,,0.0
563,Matt Read,R,32.3,70,188,0.0,0.0,0.0,0.0,0.0,0.0,0.0,0.0,0.0,0.0,0.0,0.0,0.0
564,Matt Stajan,C,34.8,73,195,0.0,0.0,0.0,0.0,0.0,0.0,0.0,0.0,0.0,0.0,0.0,0.0,0.0
565,Matt Tennyson,D,28.4,74,205,0.0,0.0,0.0,0.0,0.0,0.0,0.0,0.0,0.0,0.0,0.0,,0.0
566,Matthew Benning,D,24.4,73,203,0.0,0.0,0.0,0.0,0.0,0.0,0.0,0.0,0.0,0.0,0.0,,0.0
567,Matthew Highmore,C,22.6,71,188,0.0,0.0,0.0,0.0,0.0,0.0,0.0,0.0,0.0,0.0,0.0,0.0,0.0
568,Matthew Peca,C,25.4,68,181,0.0,0.0,0.0,0.0,0.0,0.0,0.0,0.0,0.0,0.0,0.0,0.0,0.0
569,Matthew Tkachuk,L,20.8,74,201,0.0,0.0,0.0,0.0,0.0,0.0,0.0,0.0,0.0,0.0,0.0,0.0,0.0
570,Mattias Ekholm,D,28.4,76,215,0.0,0.0,0.0,0.0,0.0,0.0,0.0,0.0,0.0,0.0,0.0,,0.0
571,Mattias Janmark,C,25.8,73,205,0.0,0.0,0.0,0.0,0.0,0.0,0.0,0.0,0.0,0.0,0.0,0.0,0.0
572,Max Domi,C,23.6,70,194,0.0,0.0,0.0,0.0,0.0,0.0,0.0,0.0,0.0,0.0,0.0,0.0,0.0
573,Max McCormick,L,26.4,71,188,0.0,0.0,0.0,0.0,0.0,,0.0,0.0,,0.0,0.0,,0.0
574,Max Pacioretty,L,29.9,74,217,0.0,0.0,0.0,0.0,0.0,0.0,0.0,0.0,0.0,0.0,0.0,0.0,0.0
575,Maxim Mamin,C,23.7,74,206,0.0,0.0,0.0,0.0,0.0,0.0,0.0,0.0,0.0,0.0,0.0,0.0,0.0
576,Melker Karlsson,C,28.2,72,180,0.0,0.0,0.0,0.0,0.0,0.0,0.0,0.0,0.0,0.0,0.0,0.0,0.0
577,Michael Amadio,"C, R",22.4,73,204,0.0,0.0,0.0,0.0,0.0,0.0,0.0,0.0,0.0,0.0,0.0,0.0,0.0
578,Michael Bournival,L,26.3,71,198,0.0,0.0,0.0,0.0,0.0,,,0.0,,,0.0,,
579,Michael Chaput,C,26.5,74,199,0.0,0.0,0.0,0.0,0.0,0.0,0.0,0.0,0.0,0.0,0.0,0.0,0.0
580,Michael Dal Colle,L,22.3,75,195,0.0,0.0,0.0,0.0,0.0,0.0,,0.0,0.0,,0.0,0.0,
581,Michael Del Zotto,D,28.3,72,195,0.0,0.0,0.0,0.0,0.0,0.0,0.0,0.0,0.0,0.0,0.0,,0.0
582,Michael Frolik,R,30.6,73,186,0.0,0.0,0.0,0.0,0.0,0.0,0.0,0.0,0.0,0.0,0.0,0.0,0.0
583,Michael Grabner,"L, R",31.0,73,188,0.0,0.0,0.0,0.0,0.0,0.0,0.0,0.0,0.0,0.0,0.0,0.0,0.0
584,Michael McCarron,R,23.6,78,232,0.0,0.0,0.0,0.0,0.0,0.0,0.0,0.0,0.0,0.0,0.0,0.0,0.0
585,Michael Raffl,L,29.8,73,205,0.0,0.0,0.0,0.0,0.0,0.0,0.0,0.0,0.0,0.0,0.0,0.0,0.0
586,Michael Stone,D,28.3,75,210,0.0,0.0,0.0,0.0,0.0,0.0,0.0,0.0,0.0,0.0,0.0,,0.0
587,Michal Kempny,D,28.1,73,192,0.0,0.0,0.0,0.0,0.0,0.0,0.0,0.0,0.0,0.0,0.0,,0.0
588,Micheal Ferland,L,26.4,74,217,0.0,0.0,0.0,0.0,0.0,0.0,0.0,0.0,0.0,0.0,0.0,0.0,0.0
589,Micheal Haley,L,32.5,71,213,0.0,0.0,0.0,0.0,0.0,0.0,0.0,0.0,0.0,0.0,0.0,0.0,0.0
590,Miikka Salomaki,R,25.6,71,203,0.0,0.0,0.0,0.0,0.0,0.0,0.0,0.0,0.0,0.0,0.0,0.0,0.0
591,Mika Zibanejad,C,25.5,74,202,0.0,0.0,0.0,0.0,0.0,0.0,0.0,0.0,0.0,0.0,0.0,0.0,0.0
592,Mikael Backlund,C,29.5,72,206,0.0,0.0,0.0,0.0,0.0,0.0,0.0,0.0,0.0,0.0,0.0,0.0,0.0
593,Mikael Granlund,C,26.6,70,185,0.0,0.0,0.0,0.0,0.0,0.0,0.0,0.0,0.0,0.0,0.0,0.0,0.0
594,Mike Blunden,R,31.8,76,217,0.0,0.0,0.0,0.0,0.0,,,0.0,,,0.0,,
595,Mike Cammalleri,"C, L",36.3,69,185,0.0,0.0,0.0,0.0,0.0,0.0,0.0,0.0,0.0,0.0,0.0,0.0,0.0
596,Mike Fisher,C,38.3,73,216,0.0,0.0,0.0,0.0,0.0,0.0,0.0,0.0,0.0,0.0,0.0,0.0,0.0
597,Mike Green,D,33.0,73,210,0.0,0.0,0.0,0.0,0.0,0.0,0.0,0.0,0.0,0.0,0.0,,0.0
598,Mike Hoffman,L,28.9,72,190,0.0,0.0,0.0,0.0,0.0,0.0,0.0,0.0,0.0,0.0,0.0,0.0,0.0
599,Mike Liambas,L,29.6,70,195,0.0,0.0,0.0,0.0,0.0,0.0,,0.0,0.0,,0.0,0.0,
600,Mike Matheson,D,24.6,74,193,0.0,0.0,0.0,0.0,0.0,0.0,0.0,0.0,0.0,0.0,0.0,,0.0
601,Mike Reilly,D,25.2,73,196,0.0,0.0,0.0,0.0,0.0,0.0,0.0,0.0,0.0,0.0,0.0,,0.0
602,Mikhail Sergachev,D,20.3,73,217,0.0,0.0,0.0,0.0,0.0,0.0,0.0,0.0,0.0,0.0,0.0,,0.0
603,Mikkel Boedker,L,28.8,72,207,0.0,0.0,0.0,0.0,0.0,0.0,0.0,0.0,0.0,0.0,0.0,0.0,0.0
604,Mikko Koivu,C,35.6,75,213,0.0,0.0,0.0,0.0,0.0,0.0,0.0,0.0,0.0,0.0,0.0,0.0,0.0
605,Mikko Rantanen,R,21.9,76,215,0.0,0.0,0.0,0.0,0.0,0.0,0.0,0.0,0.0,0.0,0.0,0.0,0.0
606,Milan Lucic,L,30.3,75,240,0.0,0.0,0.0,0.0,0.0,0.0,0.0,0.0,0.0,0.0,0.0,0.0,0.0
607,Miles Wood,L,23.1,74,195,0.0,0.0,0.0,0.0,0.0,0.0,0.0,0.0,0.0,0.0,0.0,0.0,0.0
608,Mirco Mueller,D,23.5,75,210,0.0,0.0,0.0,0.0,0.0,0.0,0.0,0.0,0.0,0.0,0.0,,0.0
609,Mitch Reinke,D,22.7,71,181,0.0,0.0,0.0,0.0,0.0,,,0.0,,,0.0,,
610,Mitchell Marner,R,21.4,72,181,0.0,0.0,0.0,0.0,0.0,0.0,0.0,0.0,0.0,0.0,0.0,0.0,0.0
611,Morgan Klimchuk,L,23.6,72,185,0.0,0.0,0.0,0.0,0.0,,,0.0,,,0.0,,
612,Morgan Rielly,D,24.6,73,222,0.0,0.0,0.0,0.0,0.0,0.0,0.0,0.0,0.0,0.0,0.0,,0.0
613,Nail Yakupov,R,25.0,71,195,0.0,0.0,0.0,0.0,0.0,0.0,,0.0,0.0,,0.0,0.0,
614,Nate Prosser,D,32.4,74,201,0.0,0.0,0.0,0.0,0.0,0.0,0.0,0.0,0.0,0.0,0.0,,0.0
615,Nate Schmidt,D,27.2,72,195,0.0,0.0,0.0,0.0,0.0,0.0,0.0,0.0,0.0,0.0,0.0,,0.0
616,Nate Thompson,C,34.0,73,205,0.0,0.0,0.0,0.0,0.0,0.0,0.0,0.0,0.0,0.0,0.0,0.0,0.0
617,Nathan Beaulieu,D,25.8,74,200,0.0,0.0,0.0,0.0,0.0,0.0,0.0,0.0,0.0,0.0,0.0,,0.0
618,Nathan Gerbe,C,31.2,64,176,0.0,0.0,0.0,0.0,0.0,,,0.0,,,0.0,,
619,Nathan MacKinnon,C,23.1,72,200,0.0,0.0,0.0,0.0,0.0,0.0,0.0,0.0,0.0,0.0,0.0,0.0,0.0
620,Nathan Walker,L,24.6,69,187,0.0,0.0,0.0,0.0,0.0,0.0,0.0,0.0,0.0,0.0,0.0,0.0,0.0
621,Nazem Kadri,C,28.0,72,185,0.0,0.0,0.0,0.0,0.0,0.0,0.0,0.0,0.0,0.0,0.0,0.0,0.0
622,Neal Pionk,D,23.2,72,185,0.0,0.0,0.0,0.0,0.0,0.0,0.0,0.0,0.0,0.0,0.0,,0.0
623,Nic Dowd,C,28.3,73,193,0.0,0.0,0.0,0.0,0.0,0.0,0.0,0.0,0.0,0.0,0.0,0.0,0.0
624,Nic Petan,C,23.5,69,175,0.0,0.0,0.0,0.0,0.0,0.0,,0.0,0.0,,0.0,0.0,
625,Nicholas Baptiste,R,23.2,73,205,0.0,0.0,0.0,0.0,0.0,0.0,0.0,0.0,0.0,0.0,0.0,0.0,0.0
626,Nicholas Merkley,R,21.4,70,195,0.0,0.0,0.0,0.0,0.0,0.0,,0.0,0.0,,0.0,0.0,
627,Nick Bjugstad,C,26.2,78,209,0.0,0.0,0.0,0.0,0.0,0.0,0.0,0.0,0.0,0.0,0.0,0.0,0.0
628,Nick Bonino,C,30.4,73,195,0.0,0.0,0.0,0.0,0.0,0.0,0.0,0.0,0.0,0.0,0.0,0.0,0.0
629,Nick Cousins,C,25.2,71,192,0.0,0.0,0.0,0.0,0.0,0.0,0.0,0.0,0.0,0.0,0.0,0.0,0.0
630,Nick Foligno,L,30.9,72,210,0.0,0.0,0.0,0.0,0.0,0.0,0.0,0.0,0.0,0.0,0.0,0.0,0.0
631,Nick Holden,D,31.4,76,210,0.0,0.0,0.0,0.0,0.0,0.0,0.0,0.0,0.0,0.0,0.0,,0.0
632,Nick Jensen,D,28.0,73,205,0.0,0.0,0.0,0.0,0.0,0.0,0.0,0.0,0.0,0.0,0.0,,0.0
633,Nick Lappin,R,25.9,73,175,0.0,0.0,0.0,0.0,0.0,0.0,,0.0,0.0,,0.0,0.0,
634,Nick Leddy,D,27.5,72,205,0.0,0.0,0.0,0.0,0.0,0.0,0.0,0.0,0.0,0.0,0.0,,0.0
635,Nick Paul,L,23.5,75,223,0.0,0.0,0.0,0.0,0.0,,0.0,0.0,,0.0,0.0,,0.0
636,Nick Ritchie,L,22.8,75,236,0.0,0.0,0.0,0.0,0.0,0.0,0.0,0.0,0.0,0.0,0.0,0.0,0.0
637,Nick Schmaltz,C,22.6,72,181,0.0,0.0,0.0,0.0,0.0,0.0,0.0,0.0,0.0,0.0,0.0,0.0,0.0
638,Nick Seeler,D,25.3,74,201,0.0,0.0,0.0,0.0,0.0,0.0,0.0,0.0,0.0,0.0,0.0,,0.0
639,Nick Shore,C,26.0,73,198,0.0,0.0,0.0,0.0,0.0,0.0,0.0,0.0,0.0,0.0,0.0,0.0,0.0
640,Nicklas Backstrom,C,30.9,73,202,0.0,0.0,0.0,0.0,0.0,0.0,0.0,0.0,0.0,0.0,0.0,0.0,0.0
641,Nico Hischier,C,19.7,73,175,0.0,0.0,0.0,0.0,0.0,0.0,0.0,0.0,0.0,0.0,0.0,0.0,0.0
642,Nicolas Deslauriers,L,27.6,73,220,0.0,0.0,0.0,0.0,0.0,0.0,0.0,0.0,0.0,0.0,0.0,0.0,0.0
643,Nicolas Kerdiles,L,24.7,74,200,0.0,0.0,0.0,0.0,0.0,0.0,,0.0,0.0,,0.0,0.0,
644,Nicolas Roy,C,21.7,76,202,0.0,0.0,0.0,0.0,0.0,,,0.0,,,0.0,,
645,Nikita Kucherov,R,25.3,71,181,0.0,0.0,0.0,0.0,0.0,0.0,0.0,0.0,0.0,0.0,0.0,0.0,0.0
646,Nikita Scherbak,R,22.8,74,192,0.0,0.0,0.0,0.0,0.0,0.0,0.0,0.0,0.0,0.0,0.0,0.0,0.0
647,Nikita Soshnikov,R,25.0,71,190,0.0,0.0,0.0,0.0,0.0,0.0,0.0,0.0,0.0,0.0,0.0,0.0,0.0
648,Nikita Zadorov,D,23.5,78,248,0.0,0.0,0.0,0.0,0.0,0.0,0.0,0.0,0.0,0.0,0.0,,0.0
649,Nikita Zaitsev,D,26.9,74,192,0.0,0.0,0.0,0.0,0.0,0.0,0.0,0.0,0.0,0.0,0.0,,0.0
650,Niklas Hjalmarsson,D,31.3,75,197,0.0,0.0,0.0,0.0,0.0,0.0,0.0,0.0,0.0,0.0,0.0,,0.0
651,Niklas Kronwall,D,37.7,72,194,0.0,0.0,0.0,0.0,0.0,0.0,0.0,0.0,0.0,0.0,0.0,,0.0
652,Nikolaj Ehlers,L,22.6,72,169,0.0,0.0,0.0,0.0,0.0,0.0,0.0,0.0,0.0,0.0,0.0,0.0,0.0
653,Nikolay Goldobin,R,23.0,71,196,0.0,0.0,0.0,0.0,0.0,0.0,,0.0,0.0,,0.0,0.0,
654,Nikolay Kulemin,L,32.2,73,228,0.0,0.0,0.0,0.0,0.0,0.0,0.0,0.0,0.0,0.0,0.0,0.0,0.0
655,Nino Niederreiter,R,26.1,74,218,0.0,0.0,0.0,0.0,0.0,0.0,0.0,0.0,0.0,0.0,0.0,0.0,0.0
656,Noah Hanifin,D,21.7,75,207,0.0,0.0,0.0,0.0,0.0,0.0,0.0,0.0,0.0,0.0,0.0,,0.0
657,Noah Juulsen,D,21.5,74,201,0.0,0.0,0.0,0.0,0.0,0.0,0.0,0.0,0.0,0.0,0.0,,0.0
658,Noel Acciari,C,26.8,70,209,0.0,0.0,0.0,0.0,0.0,0.0,0.0,0.0,0.0,0.0,0.0,0.0,0.0
659,Nolan Patrick,C,20.0,74,201,0.0,0.0,0.0,0.0,0.0,0.0,0.0,0.0,0.0,0.0,0.0,0.0,0.0
660,Oliver Bjorkstrand,R,23.5,72,175,0.0,0.0,0.0,0.0,0.0,0.0,0.0,0.0,0.0,0.0,0.0,0.0,0.0
661,Oliver Ekman-Larsson,D,27.2,74,200,0.0,0.0,0.0,0.0,0.0,0.0,0.0,0.0,0.0,0.0,0.0,,0.0
662,Olli Maatta,D,24.1,74,207,0.0,0.0,0.0,0.0,0.0,0.0,0.0,0.0,0.0,0.0,0.0,,0.0
663,Ondrej Kase,R,22.9,72,187,0.0,0.0,0.0,0.0,0.0,0.0,0.0,0.0,0.0,0.0,0.0,0.0,0.0
664,Ondrej Palat,L,27.5,72,194,0.0,0.0,0.0,0.0,0.0,0.0,0.0,0.0,0.0,0.0,0.0,0.0,0.0
665,Oscar Fantenberg,D,27.0,72,206,0.0,0.0,0.0,0.0,0.0,0.0,0.0,0.0,0.0,0.0,0.0,,0.0
666,Oscar Klefbom,D,25.2,75,216,0.0,0.0,0.0,0.0,0.0,0.0,0.0,0.0,0.0,0.0,0.0,,0.0
667,Oscar Lindberg,"C, L",26.9,73,202,0.0,0.0,0.0,0.0,0.0,0.0,0.0,0.0,0.0,0.0,0.0,0.0,0.0
668,Oskar Lindblom,L,22.1,73,191,0.0,0.0,0.0,0.0,0.0,0.0,,0.0,0.0,,0.0,0.0,
669,Oskar Sundqvist,C,24.5,75,220,0.0,0.0,0.0,0.0,0.0,0.0,0.0,0.0,0.0,0.0,0.0,0.0,0.0
670,Owen Tippett,R,19.6,73,207,0.0,0.0,0.0,0.0,0.0,0.0,0.0,0.0,0.0,0.0,0.0,0.0,0.0
671,P.K. Subban,D,29.4,72,210,0.0,0.0,0.0,0.0,0.0,0.0,0.0,0.0,0.0,0.0,0.0,,0.0
672,Patric Hornqvist,R,31.7,71,189,0.0,0.0,0.0,0.0,0.0,0.0,0.0,0.0,0.0,0.0,0.0,0.0,0.0
673,Patrice Bergeron,C,33.2,73,196,0.0,0.0,0.0,0.0,0.0,0.0,0.0,0.0,0.0,0.0,0.0,0.0,0.0
674,Patrick Eaves,R,34.4,70,203,0.0,0.0,0.0,0.0,0.0,0.0,,0.0,0.0,,0.0,0.0,
675,Patrick Kane,R,29.9,70,177,0.0,0.0,0.0,0.0,0.0,0.0,0.0,0.0,0.0,0.0,0.0,0.0,0.0
676,Patrick Marleau,C,39.0,74,215,0.0,0.0,0.0,0.0,0.0,0.0,0.0,0.0,0.0,0.0,0.0,0.0,0.0
677,Patrick Maroon,L,30.4,75,234,0.0,0.0,0.0,0.0,0.0,0.0,0.0,0.0,0.0,0.0,0.0,0.0,0.0
678,Patrick Sharp,L,36.8,73,200,0.0,0.0,0.0,0.0,0.0,0.0,0.0,0.0,0.0,0.0,0.0,0.0,0.0
679,Patrick Sieloff,D,24.4,73,205,0.0,0.0,0.0,0.0,0.0,,,0.0,,,0.0,,
680,Patrik Berglund,C,30.3,76,215,0.0,0.0,0.0,0.0,0.0,0.0,0.0,0.0,0.0,0.0,0.0,0.0,0.0
681,Patrik Laine,L,20.5,77,205,0.0,0.0,0.0,0.0,0.0,0.0,0.0,0.0,0.0,0.0,0.0,0.0,0.0
682,Patrik Nemeth,D,26.6,76,230,0.0,0.0,0.0,0.0,0.0,0.0,0.0,0.0,0.0,0.0,0.0,,0.0
683,Paul Byron,L,29.4,69,164,0.0,0.0,0.0,0.0,0.0,0.0,0.0,0.0,0.0,0.0,0.0,0.0,0.0
684,Paul Carey,C,30.0,73,200,0.0,0.0,0.0,0.0,0.0,0.0,0.0,0.0,0.0,0.0,0.0,0.0,0.0
685,Paul LaDue,D,26.1,75,205,0.0,0.0,0.0,0.0,0.0,0.0,0.0,0.0,0.0,0.0,0.0,,0.0
686,Paul Martin,D,37.6,73,200,0.0,0.0,0.0,0.0,0.0,0.0,0.0,0.0,0.0,0.0,0.0,,0.0
687,Paul Postma,D,29.6,75,195,0.0,0.0,0.0,0.0,0.0,0.0,0.0,0.0,0.0,0.0,0.0,,0.0
688,Paul Stastny,C,32.8,72,193,0.0,0.0,0.0,0.0,0.0,0.0,0.0,0.0,0.0,0.0,0.0,0.0,0.0
689,Pavel Buchnevich,L,23.5,73,196,0.0,0.0,0.0,0.0,0.0,0.0,0.0,0.0,0.0,0.0,0.0,0.0,0.0
690,Pavel Zacha,C,21.5,76,199,0.0,0.0,0.0,0.0,0.0,0.0,0.0,0.0,0.0,0.0,0.0,0.0,0.0
691,Peter Cehlarik,L,23.2,74,202,0.0,0.0,0.0,0.0,0.0,0.0,,0.0,0.0,,0.0,0.0,
692,Peter Holland,C,27.7,74,193,0.0,0.0,0.0,0.0,0.0,0.0,0.0,0.0,0.0,0.0,0.0,0.0,0.0
693,Phil Kessel,"C, R",31.0,71,208,0.0,0.0,0.0,0.0,0.0,0.0,0.0,0.0,0.0,0.0,0.0,0.0,0.0
694,Philip Holm,D,26.8,73,190,0.0,0.0,0.0,0.0,0.0,,,0.0,,,0.0,,
695,Phillip Danault,C,25.6,73,200,0.0,0.0,0.0,0.0,0.0,0.0,0.0,0.0,0.0,0.0,0.0,0.0,0.0
696,Phillip Di Giuseppe,L,25.0,72,193,0.0,0.0,0.0,0.0,0.0,0.0,0.0,0.0,0.0,0.0,0.0,0.0,0.0
697,Pierre-Edouard Bellemare,L,33.6,71,198,0.0,0.0,0.0,0.0,0.0,0.0,0.0,0.0,0.0,0.0,0.0,0.0,0.0
698,Pierre-Luc Dubois,L,20.3,76,214,0.0,0.0,0.0,0.0,0.0,0.0,0.0,0.0,0.0,0.0,0.0,0.0,0.0
699,Pontus Aberg,L,25.0,71,194,0.0,0.0,0.0,0.0,0.0,0.0,0.0,0.0,0.0,0.0,0.0,0.0,0.0
700,Radek Faksa,C,24.7,75,225,0.0,0.0,0.0,0.0,0.0,0.0,0.0,0.0,0.0,0.0,0.0,0.0,0.0
701,Radim Vrbata,R,37.3,73,194,0.0,0.0,0.0,0.0,0.0,0.0,0.0,0.0,0.0,0.0,0.0,0.0,0.0
702,Radko Gudas,D,28.3,72,208,0.0,0.0,0.0,0.0,0.0,0.0,0.0,0.0,0.0,0.0,0.0,,0.0
703,Rasmus Andersson,D,21.9,73,202,0.0,0.0,0.0,0.0,0.0,0.0,0.0,0.0,0.0,0.0,0.0,,0.0
704,Rasmus Ristolainen,D,23.9,76,221,0.0,0.0,0.0,0.0,0.0,0.0,0.0,0.0,0.0,0.0,0.0,,0.0
705,Reid Boucher,C,25.1,70,195,0.0,0.0,0.0,0.0,0.0,0.0,0.0,0.0,0.0,0.0,0.0,0.0,0.0
706,Reilly Smith,R,27.5,73,185,0.0,0.0,0.0,0.0,0.0,0.0,0.0,0.0,0.0,0.0,0.0,0.0,0.0
707,Remi Elie,L,23.5,73,215,0.0,0.0,0.0,0.0,0.0,0.0,0.0,0.0,0.0,0.0,0.0,0.0,0.0
708,Richard Panik,R,27.6,73,203,0.0,0.0,0.0,0.0,0.0,0.0,0.0,0.0,0.0,0.0,0.0,0.0,0.0
709,Rick Nash,"L, R",34.3,76,211,0.0,0.0,0.0,0.0,0.0,0.0,0.0,0.0,0.0,0.0,0.0,0.0,0.0
710,Rickard Rakell,R,25.4,73,195,0.0,0.0,0.0,0.0,0.0,0.0,0.0,0.0,0.0,0.0,0.0,0.0,0.0
711,Riley Nash,C,29.4,74,188,0.0,0.0,0.0,0.0,0.0,0.0,0.0,0.0,0.0,0.0,0.0,0.0,0.0
712,Riley Sheahan,C,26.8,74,214,0.0,0.0,0.0,0.0,0.0,0.0,0.0,0.0,0.0,0.0,0.0,0.0,0.0
713,Rinat Valiev,D,23.4,75,215,0.0,0.0,0.0,0.0,0.0,0.0,0.0,0.0,0.0,0.0,0.0,,0.0
714,Rob O'Gara,D,25.2,76,214,0.0,0.0,0.0,0.0,0.0,0.0,0.0,0.0,0.0,0.0,0.0,,0.0
715,Robert Bortuzzo,D,29.5,76,216,0.0,0.0,0.0,0.0,0.0,0.0,0.0,0.0,0.0,0.0,0.0,,0.0
716,Robert Hagg,D,23.6,74,210,0.0,0.0,0.0,0.0,0.0,0.0,0.0,0.0,0.0,0.0,0.0,,0.0
717,Rocco Grimaldi,R,25.6,66,180,0.0,0.0,0.0,0.0,0.0,0.0,,0.0,0.0,,0.0,0.0,
718,Roland McKeown,D,22.7,73,195,0.0,0.0,0.0,0.0,0.0,,0.0,0.0,,0.0,0.0,,0.0
719,Roman Josi,D,28.3,73,201,0.0,0.0,0.0,0.0,0.0,0.0,0.0,0.0,0.0,0.0,0.0,,0.0
720,Roman Polak,D,32.4,74,240,0.0,0.0,0.0,0.0,0.0,0.0,0.0,0.0,0.0,0.0,0.0,,0.0
721,Ron Hainsey,D,37.5,75,201,0.0,0.0,0.0,0.0,0.0,0.0,0.0,0.0,0.0,0.0,0.0,,0.0
722,Ross Johnston,L,24.6,77,230,0.0,0.0,0.0,0.0,0.0,0.0,0.0,0.0,0.0,0.0,0.0,0.0,0.0
723,Ryan Callahan,R,33.5,70,187,0.0,0.0,0.0,0.0,0.0,0.0,0.0,0.0,0.0,0.0,0.0,0.0,0.0
724,Ryan Carpenter,C,27.7,73,198,0.0,0.0,0.0,0.0,0.0,0.0,0.0,0.0,0.0,0.0,0.0,0.0,0.0
725,Ryan Donato,C,22.5,72,190,0.0,0.0,0.0,0.0,0.0,0.0,,0.0,0.0,,0.0,0.0,
726,Ryan Dzingel,C,26.6,72,190,0.0,0.0,0.0,0.0,0.0,0.0,0.0,0.0,0.0,0.0,0.0,0.0,0.0
727,Ryan Ellis,D,27.7,70,180,0.0,0.0,0.0,0.0,0.0,0.0,0.0,0.0,0.0,0.0,0.0,,0.0
728,Ryan Getzlaf,C,33.4,76,220,0.0,0.0,0.0,0.0,0.0,0.0,0.0,0.0,0.0,0.0,0.0,0.0,0.0
729,Ryan Hartman,R,24.0,72,197,0.0,0.0,0.0,0.0,0.0,0.0,0.0,0.0,0.0,0.0,0.0,0.0,0.0
730,Ryan Johansen,C,26.2,75,218,0.0,0.0,0.0,0.0,0.0,0.0,0.0,0.0,0.0,0.0,0.0,0.0,0.0
731,Ryan Kesler,C,34.1,74,206,0.0,0.0,0.0,0.0,0.0,0.0,0.0,0.0,0.0,0.0,0.0,0.0,0.0
732,Ryan Lomberg,L,24.1,69,187,0.0,0.0,0.0,0.0,0.0,0.0,,0.0,0.0,,0.0,0.0,
733,Ryan McDonagh,D,29.3,73,215,0.0,0.0,0.0,0.0,0.0,0.0,0.0,0.0,0.0,0.0,0.0,,0.0
734,Ryan Murphy,D,25.5,71,175,0.0,0.0,0.0,0.0,0.0,0.0,0.0,0.0,0.0,0.0,0.0,,0.0
735,Ryan Murray,D,25.0,73,206,0.0,0.0,0.0,0.0,0.0,0.0,0.0,0.0,0.0,0.0,0.0,,0.0
736,Ryan Nugent-Hopkins,C,25.5,72,195,0.0,0.0,0.0,0.0,0.0,0.0,0.0,0.0,0.0,0.0,0.0,0.0,0.0
737,Ryan O'Reilly,C,27.6,73,207,0.0,0.0,0.0,0.0,0.0,0.0,0.0,0.0,0.0,0.0,0.0,0.0,0.0
738,Ryan Pulock,D,24.0,74,216,0.0,0.0,0.0,0.0,0.0,0.0,0.0,0.0,0.0,0.0,0.0,,0.0
739,Ryan Reaves,R,31.7,74,225,0.0,0.0,0.0,0.0,0.0,0.0,0.0,0.0,0.0,0.0,0.0,0.0,0.0
740,Ryan Spooner,C,26.7,70,191,0.0,0.0,0.0,0.0,0.0,0.0,0.0,0.0,0.0,0.0,0.0,0.0,0.0
741,Ryan Sproul,D,25.7,76,205,0.0,0.0,0.0,0.0,0.0,0.0,0.0,0.0,0.0,0.0,0.0,,0.0
742,Ryan Strome,C,25.2,73,191,0.0,0.0,0.0,0.0,0.0,0.0,0.0,0.0,0.0,0.0,0.0,0.0,0.0
743,Ryan Suter,D,33.7,73,205,0.0,0.0,0.0,0.0,0.0,0.0,0.0,0.0,0.0,0.0,0.0,,0.0
744,Sam Bennett,C,22.3,73,195,0.0,0.0,0.0,0.0,0.0,0.0,0.0,0.0,0.0,0.0,0.0,0.0,0.0
745,Sam Gagner,C,29.1,71,201,0.0,0.0,0.0,0.0,0.0,0.0,0.0,0.0,0.0,0.0,0.0,0.0,0.0
746,Sam Reinhart,C,22.9,74,193,0.0,0.0,0.0,0.0,0.0,0.0,0.0,0.0,0.0,0.0,0.0,0.0,0.0
747,Sami Niku,D,22.0,73,176,0.0,0.0,0.0,0.0,0.0,,,0.0,,,0.0,,
748,Sami Vatanen,D,27.3,70,185,0.0,0.0,0.0,0.0,0.0,0.0,0.0,0.0,0.0,0.0,0.0,,0.0
749,Sammy Blais,L,22.3,74,206,0.0,0.0,0.0,0.0,0.0,0.0,,0.0,0.0,,0.0,0.0,
750,Samuel Girard,D,20.4,70,170,0.0,0.0,0.0,0.0,0.0,0.0,0.0,0.0,0.0,0.0,0.0,,0.0
751,Samuel Morin,L,23.2,78,202,0.0,0.0,0.0,0.0,0.0,,0.0,0.0,,0.0,0.0,,0.0
752,Scott Harrington,D,25.6,74,204,0.0,0.0,0.0,0.0,0.0,0.0,0.0,0.0,0.0,0.0,0.0,,0.0
753,Scott Hartnell,L,36.5,74,215,0.0,0.0,0.0,0.0,0.0,0.0,0.0,0.0,0.0,0.0,0.0,0.0,0.0
754,Scott Laughton,C,24.3,73,190,0.0,0.0,0.0,0.0,0.0,0.0,0.0,0.0,0.0,0.0,0.0,0.0,0.0
755,Scott Mayfield,D,26.0,77,220,0.0,0.0,0.0,0.0,0.0,0.0,0.0,0.0,0.0,0.0,0.0,,0.0
756,Scott Wilson,L,26.4,71,177,0.0,0.0,0.0,0.0,0.0,0.0,0.0,0.0,0.0,0.0,0.0,0.0,0.0
757,Scottie Upshall,R,35.0,72,200,0.0,0.0,0.0,0.0,0.0,0.0,0.0,0.0,0.0,0.0,0.0,0.0,0.0
758,Sean Couturier,C,25.8,75,211,0.0,0.0,0.0,0.0,0.0,0.0,0.0,0.0,0.0,0.0,0.0,0.0,0.0
759,Sean Kuraly,C,25.7,74,213,0.0,0.0,0.0,0.0,0.0,0.0,0.0,0.0,0.0,0.0,0.0,0.0,0.0
760,Sean Monahan,C,24.0,74,196,0.0,0.0,0.0,0.0,0.0,0.0,0.0,0.0,0.0,0.0,0.0,0.0,0.0
761,Sebastian Aho,C,21.2,72,176,0.0,0.0,0.0,0.0,0.0,0.0,0.0,0.0,0.0,0.0,0.0,0.0,0.0
762,Seth Griffith,C,25.7,69,190,0.0,0.0,0.0,0.0,0.0,0.0,0.0,0.0,0.0,0.0,0.0,0.0,0.0
763,Seth Jones,D,24.0,76,213,0.0,0.0,0.0,0.0,0.0,0.0,0.0,0.0,0.0,0.0,0.0,,0.0
764,Shane Gersich,L,22.2,71,180,0.0,0.0,0.0,0.0,0.0,,,0.0,,,0.0,,
765,Shane Prince,L,25.9,71,193,0.0,0.0,0.0,0.0,0.0,0.0,0.0,0.0,0.0,0.0,0.0,0.0,0.0
766,Shawn Matthias,L,30.6,76,231,0.0,0.0,0.0,0.0,0.0,0.0,0.0,0.0,0.0,0.0,0.0,0.0,0.0
767,Shayne Gostisbehere,D,25.4,71,180,0.0,0.0,0.0,0.0,0.0,0.0,0.0,0.0,0.0,0.0,0.0,,0.0
768,Shea Theodore,D,23.2,74,197,0.0,0.0,0.0,0.0,0.0,0.0,0.0,0.0,0.0,0.0,0.0,,0.0
769,Shea Weber,D,33.1,76,230,0.0,0.0,0.0,0.0,0.0,0.0,0.0,0.0,0.0,0.0,0.0,,0.0
770,Sidney Crosby,C,31.2,71,200,0.0,0.0,0.0,0.0,0.0,0.0,0.0,0.0,0.0,0.0,0.0,0.0,0.0
771,Slater Koekkoek,D,24.6,74,193,0.0,0.0,0.0,0.0,0.0,0.0,0.0,0.0,0.0,0.0,0.0,,0.0
772,Sonny Milano,L,22.4,72,194,0.0,0.0,0.0,0.0,0.0,0.0,,0.0,0.0,,0.0,0.0,
773,Spencer Foo,R,24.4,72,187,0.0,0.0,0.0,0.0,0.0,0.0,,0.0,0.0,,0.0,0.0,
774,Stefan Matteau,C,24.6,74,208,0.0,0.0,0.0,0.0,0.0,0.0,,0.0,0.0,,0.0,0.0,
775,Stefan Noesen,R,25.6,73,205,0.0,0.0,0.0,0.0,0.0,0.0,0.0,0.0,0.0,0.0,0.0,0.0,0.0
776,Stephen Johns,D,26.5,76,225,0.0,0.0,0.0,0.0,0.0,0.0,0.0,0.0,0.0,0.0,0.0,,0.0
777,Steve Bernier,R,33.5,75,222,0.0,0.0,0.0,0.0,0.0,0.0,,0.0,0.0,,0.0,0.0,
778,Steven Fogarty,C,25.5,75,204,0.0,0.0,0.0,0.0,0.0,,0.0,0.0,,0.0,0.0,,0.0
779,Steven Kampfer,D,30.0,71,198,0.0,0.0,0.0,0.0,0.0,0.0,0.0,0.0,0.0,0.0,0.0,,0.0
780,Steven Santini,D,23.6,74,209,0.0,0.0,0.0,0.0,0.0,0.0,0.0,0.0,0.0,0.0,0.0,,0.0
781,Steven Stamkos,C,28.6,72,182,0.0,0.0,0.0,0.0,0.0,0.0,0.0,0.0,0.0,0.0,0.0,0.0,0.0
782,Sven Andrighetto,R,25.5,70,188,0.0,0.0,0.0,0.0,0.0,0.0,0.0,0.0,0.0,0.0,0.0,0.0,0.0
783,Sven Baertschi,L,26.0,71,190,0.0,0.0,0.0,0.0,0.0,0.0,0.0,0.0,0.0,0.0,0.0,0.0,0.0
784,T.J. Oshie,R,31.8,72,187,0.0,0.0,0.0,0.0,0.0,0.0,0.0,0.0,0.0,0.0,0.0,0.0,0.0
785,TJ Brodie,D,28.3,74,187,0.0,0.0,0.0,0.0,0.0,0.0,0.0,0.0,0.0,0.0,0.0,,0.0
786,Tage Thompson,"C, R",20.9,78,220,0.0,0.0,0.0,0.0,0.0,0.0,,0.0,0.0,,0.0,0.0,
787,Tanner Fritz,C,27.1,71,192,0.0,0.0,0.0,0.0,0.0,0.0,0.0,0.0,0.0,0.0,0.0,0.0,0.0
788,Tanner Glass,L,34.8,73,213,0.0,0.0,0.0,0.0,0.0,0.0,0.0,0.0,0.0,0.0,0.0,0.0,0.0
789,Tanner Kero,C,26.2,72,185,0.0,0.0,0.0,0.0,0.0,0.0,0.0,0.0,0.0,0.0,0.0,0.0,0.0
790,Tanner Pearson,L,26.1,73,201,0.0,0.0,0.0,0.0,0.0,0.0,0.0,0.0,0.0,0.0,0.0,0.0,0.0
791,Taylor Chorney,D,31.4,72,193,0.0,0.0,0.0,0.0,0.0,0.0,0.0,0.0,0.0,0.0,0.0,,0.0
792,Taylor Fedun,D,30.3,73,200,0.0,0.0,0.0,0.0,0.0,0.0,0.0,0.0,0.0,0.0,0.0,,0.0
793,Taylor Hall,L,26.9,73,210,0.0,0.0,0.0,0.0,0.0,0.0,0.0,0.0,0.0,0.0,0.0,0.0,0.0
794,Taylor Leier,L,24.6,71,180,0.0,0.0,0.0,0.0,0.0,0.0,0.0,0.0,0.0,0.0,0.0,0.0,0.0
795,Teuvo Teravainen,L,24.1,71,191,0.0,0.0,0.0,0.0,0.0,0.0,0.0,0.0,0.0,0.0,0.0,0.0,0.0
796,Thomas Chabot,D,21.7,74,195,0.0,0.0,0.0,0.0,0.0,0.0,0.0,0.0,0.0,0.0,0.0,,0.0
797,Thomas Hickey,D,29.6,72,185,0.0,0.0,0.0,0.0,0.0,0.0,0.0,0.0,0.0,0.0,0.0,,0.0
798,Thomas Vanek,L,34.7,74,214,0.0,0.0,0.0,0.0,0.0,0.0,0.0,0.0,0.0,0.0,0.0,0.0,0.0
799,Tim Heed,D,27.7,72,180,0.0,0.0,0.0,0.0,0.0,0.0,0.0,0.0,0.0,0.0,0.0,,0.0
800,Tim Schaller,"C, L",27.9,74,204,0.0,0.0,0.0,0.0,0.0,0.0,0.0,0.0,0.0,0.0,0.0,0.0,0.0
801,Timo Meier,R,22.0,73,220,0.0,0.0,0.0,0.0,0.0,0.0,0.0,0.0,0.0,0.0,0.0,0.0,0.0
802,Tobias Rieder,L,25.7,71,189,0.0,0.0,0.0,0.0,0.0,0.0,0.0,0.0,0.0,0.0,0.0,0.0,0.0
803,Toby Enstrom,D,33.9,70,180,0.0,0.0,0.0,0.0,0.0,0.0,0.0,0.0,0.0,0.0,0.0,,0.0
804,Tom Kuhnhackl,R,26.7,74,196,0.0,0.0,0.0,0.0,0.0,0.0,0.0,0.0,0.0,0.0,0.0,0.0,0.0
805,Tom Pyatt,L,31.6,71,185,0.0,0.0,0.0,0.0,0.0,0.0,0.0,0.0,0.0,0.0,0.0,0.0,0.0
806,Tom Wilson,R,24.5,76,220,0.0,0.0,0.0,0.0,0.0,0.0,0.0,0.0,0.0,0.0,0.0,0.0,0.0
807,Tomas Hertl,C,24.9,75,215,0.0,0.0,0.0,0.0,0.0,0.0,0.0,0.0,0.0,0.0,0.0,0.0,0.0
808,Tomas Hyka,R,25.5,71,160,0.0,0.0,0.0,0.0,0.0,0.0,,0.0,0.0,,0.0,0.0,
809,Tomas Jurco,R,25.8,74,197,0.0,0.0,0.0,0.0,0.0,0.0,0.0,0.0,0.0,0.0,0.0,0.0,0.0
810,Tomas Nosek,L,26.1,75,205,0.0,0.0,0.0,0.0,0.0,0.0,0.0,0.0,0.0,0.0,0.0,0.0,0.0
811,Tomas Plekanec,C,35.9,71,190,0.0,0.0,0.0,0.0,0.0,0.0,0.0,0.0,0.0,0.0,0.0,0.0,0.0
812,Tomas Tatar,L,27.8,70,173,0.0,0.0,0.0,0.0,0.0,0.0,0.0,0.0,0.0,0.0,0.0,0.0,0.0
813,Tommy Wingels,"C, R",30.5,72,200,0.0,0.0,0.0,0.0,0.0,0.0,0.0,0.0,0.0,0.0,0.0,0.0,0.0
814,Tony DeAngelo,D,22.9,71,180,0.0,0.0,0.0,0.0,0.0,0.0,0.0,0.0,0.0,0.0,0.0,,0.0
815,Torey Krug,D,27.5,69,194,0.0,0.0,0.0,0.0,0.0,0.0,0.0,0.0,0.0,0.0,0.0,,0.0
816,Torrey Mitchell,C,33.7,71,186,0.0,0.0,0.0,0.0,0.0,0.0,0.0,0.0,0.0,0.0,0.0,0.0,0.0
817,Travis Boyd,C,25.0,72,190,0.0,0.0,0.0,0.0,0.0,0.0,,0.0,0.0,,0.0,0.0,
818,Travis Dermott,D,21.8,72,202,0.0,0.0,0.0,0.0,0.0,0.0,0.0,0.0,0.0,0.0,0.0,,0.0
819,Travis Hamonic,D,28.1,73,200,0.0,0.0,0.0,0.0,0.0,0.0,0.0,0.0,0.0,0.0,0.0,,0.0
820,Travis Konecny,R,21.6,70,175,0.0,0.0,0.0,0.0,0.0,0.0,0.0,0.0,0.0,0.0,0.0,0.0,0.0
821,Travis Sanheim,D,22.5,75,181,0.0,0.0,0.0,0.0,0.0,0.0,0.0,0.0,0.0,0.0,0.0,,0.0
822,Travis Zajac,C,33.4,74,185,0.0,0.0,0.0,0.0,0.0,0.0,0.0,0.0,0.0,0.0,0.0,0.0,0.0
823,Trevor Carrick,D,24.2,74,171,0.0,0.0,0.0,0.0,0.0,,,0.0,,,0.0,,
824,Trevor Daley,D,35.0,71,199,0.0,0.0,0.0,0.0,0.0,0.0,0.0,0.0,0.0,0.0,0.0,,0.0
825,Trevor Lewis,C,31.7,73,201,0.0,0.0,0.0,0.0,0.0,0.0,0.0,0.0,0.0,0.0,0.0,0.0,0.0
826,Trevor Murphy,D,23.2,70,180,0.0,0.0,0.0,0.0,0.0,0.0,0.0,0.0,0.0,0.0,0.0,,0.0
827,Trevor van Riemsdyk,D,27.2,75,191,0.0,0.0,0.0,0.0,0.0,0.0,0.0,0.0,0.0,0.0,0.0,,0.0
828,Troy Brouwer,R,33.1,75,213,0.0,0.0,0.0,0.0,0.0,0.0,0.0,0.0,0.0,0.0,0.0,0.0,0.0
829,Troy Stecher,D,24.5,70,184,0.0,0.0,0.0,0.0,0.0,0.0,0.0,0.0,0.0,0.0,0.0,,0.0
830,Troy Terry,R,21.1,72,185,0.0,0.0,0.0,0.0,0.0,0.0,,0.0,0.0,,0.0,0.0,
831,Tucker Poolman,D,25.3,74,199,0.0,0.0,0.0,0.0,0.0,0.0,0.0,0.0,0.0,0.0,0.0,,0.0
832,Ty Rattie,R,25.7,71,183,0.0,0.0,0.0,0.0,0.0,0.0,,0.0,0.0,,0.0,0.0,
833,Tyler Bertuzzi,L,23.6,73,186,0.0,0.0,0.0,0.0,0.0,0.0,0.0,0.0,0.0,0.0,0.0,0.0,0.0
834,Tyler Bozak,C,32.5,73,187,0.0,0.0,0.0,0.0,0.0,0.0,0.0,0.0,0.0,0.0,0.0,0.0,0.0
835,Tyler Ennis,R,29.0,69,160,0.0,0.0,0.0,0.0,0.0,0.0,0.0,0.0,0.0,0.0,0.0,0.0,0.0
836,Tyler Graovac,C,25.4,77,208,0.0,0.0,0.0,0.0,0.0,0.0,0.0,0.0,0.0,0.0,0.0,0.0,0.0
837,Tyler Johnson,C,28.2,68,185,0.0,0.0,0.0,0.0,0.0,0.0,0.0,0.0,0.0,0.0,0.0,0.0,0.0
838,Tyler Motte,"C, L",23.6,70,192,0.0,0.0,0.0,0.0,0.0,0.0,0.0,0.0,0.0,0.0,0.0,0.0,0.0
839,Tyler Myers,D,28.7,80,229,0.0,0.0,0.0,0.0,0.0,0.0,0.0,0.0,0.0,0.0,0.0,,0.0
840,Tyler Pitlick,C,26.9,74,200,0.0,0.0,0.0,0.0,0.0,0.0,0.0,0.0,0.0,0.0,0.0,0.0,0.0
841,Tyler Seguin,C,26.7,73,205,0.0,0.0,0.0,0.0,0.0,0.0,0.0,0.0,0.0,0.0,0.0,0.0,0.0
842,Tyler Toffoli,R,26.4,72,203,0.0,0.0,0.0,0.0,0.0,0.0,0.0,0.0,0.0,0.0,0.0,0.0,0.0
843,Tyrell Goulbourne,L,24.7,71,195,0.0,0.0,0.0,0.0,0.0,,,0.0,,,0.0,,
844,Tyson Barrie,D,27.2,71,197,0.0,0.0,0.0,0.0,0.0,0.0,0.0,0.0,0.0,0.0,0.0,,0.0
845,Tyson Jost,C,20.6,71,187,0.0,0.0,0.0,0.0,0.0,0.0,0.0,0.0,0.0,0.0,0.0,0.0,0.0
846,Vadim Shipachyov,C,31.6,72,187,0.0,0.0,0.0,0.0,0.0,0.0,,0.0,0.0,,0.0,0.0,
847,Valentin Zykov,L,23.4,73,220,0.0,0.0,0.0,0.0,0.0,0.0,,0.0,0.0,,0.0,0.0,
848,Valtteri Filppula,C,34.5,72,189,0.0,0.0,0.0,0.0,0.0,0.0,0.0,0.0,0.0,0.0,0.0,0.0,0.0
849,Victor Antipin,D,25.8,71,175,0.0,0.0,0.0,0.0,0.0,0.0,0.0,0.0,0.0,0.0,0.0,,0.0
850,Victor Ejdsell,C,23.3,77,214,0.0,0.0,0.0,0.0,0.0,0.0,,0.0,0.0,,0.0,0.0,
851,Victor Hedman,D,27.8,79,244,0.0,0.0,0.0,0.0,0.0,0.0,0.0,0.0,0.0,0.0,0.0,,0.0
852,Victor Mete,D,20.3,69,187,0.0,0.0,0.0,0.0,0.0,0.0,0.0,0.0,0.0,0.0,0.0,,0.0
853,Victor Rask,C,25.6,74,199,0.0,0.0,0.0,0.0,0.0,0.0,0.0,0.0,0.0,0.0,0.0,0.0,0.0
854,Viktor Arvidsson,"L, R",25.5,70,185,0.0,0.0,0.0,0.0,0.0,0.0,0.0,0.0,0.0,0.0,0.0,0.0,0.0
855,Vince Dunn,D,21.9,72,200,0.0,0.0,0.0,0.0,0.0,0.0,0.0,0.0,0.0,0.0,0.0,,0.0
856,Vincent Trocheck,C,25.2,71,184,0.0,0.0,0.0,0.0,0.0,0.0,0.0,0.0,0.0,0.0,0.0,0.0,0.0
857,Vinni Lettieri,C,23.6,70,184,0.0,0.0,0.0,0.0,0.0,0.0,0.0,0.0,0.0,0.0,0.0,0.0,0.0
858,Vinnie Hinostroza,C,24.5,70,183,0.0,0.0,0.0,0.0,0.0,0.0,0.0,0.0,0.0,0.0,0.0,0.0,0.0
859,Vladimir Sobotka,C,31.3,70,191,0.0,0.0,0.0,0.0,0.0,0.0,0.0,0.0,0.0,0.0,0.0,0.0,0.0
860,Vladimir Tarasenko,R,26.8,73,228,0.0,0.0,0.0,0.0,0.0,0.0,0.0,0.0,0.0,0.0,0.0,0.0,0.0
861,Vladislav Kamenev,C,22.1,74,194,0.0,0.0,0.0,0.0,0.0,0.0,,0.0,0.0,,0.0,0.0,
862,Vladislav Namestnikov,C,25.9,72,179,0.0,0.0,0.0,0.0,0.0,0.0,0.0,0.0,0.0,0.0,0.0,0.0,0.0
863,Wade Megan,C,28.2,73,191,0.0,0.0,0.0,0.0,0.0,,0.0,0.0,,0.0,0.0,,0.0
864,Warren Foegele,L,22.5,74,198,0.0,0.0,0.0,0.0,0.0,,0.0,0.0,,0.0,0.0,,0.0
865,Wayne Simmonds,R,30.1,74,184,0.0,0.0,0.0,0.0,0.0,0.0,0.0,0.0,0.0,0.0,0.0,0.0,0.0
866,Will Butcher,D,23.7,70,195,0.0,0.0,0.0,0.0,0.0,0.0,0.0,0.0,0.0,0.0,0.0,,0.0
867,Will O'Neill,D,30.4,73,190,0.0,0.0,0.0,0.0,0.0,,,0.0,,,0.0,,
868,William Carrier,L,23.8,74,218,0.0,0.0,0.0,0.0,0.0,0.0,0.0,0.0,0.0,0.0,0.0,0.0,0.0
869,William Karlsson,C,25.7,72,190,0.0,0.0,0.0,0.0,0.0,0.0,0.0,0.0,0.0,0.0,0.0,0.0,0.0
870,William Nylander,R,22.4,72,204,0.0,0.0,0.0,0.0,0.0,0.0,0.0,0.0,0.0,0.0,0.0,0.0,0.0
871,Xavier Ouellet,D,25.2,72,197,0.0,0.0,0.0,0.0,0.0,0.0,0.0,0.0,0.0,0.0,0.0,,0.0
872,Yanni Gourde,C,26.8,69,174,0.0,0.0,0.0,0.0,0.0,0.0,0.0,0.0,0.0,0.0,0.0,0.0,0.0
873,Yannick Weber,D,30.0,71,200,0.0,0.0,0.0,0.0,0.0,0.0,0.0,0.0,0.0,0.0,0.0,,0.0
874,Yohann Auvitu,D,29.2,71,187,0.0,0.0,0.0,0.0,0.0,0.0,0.0,0.0,0.0,0.0,0.0,,0.0
875,Zac Dalpe,C,28.9,74,197,0.0,0.0,0.0,0.0,0.0,0.0,,0.0,0.0,,0.0,0.0,
876,Zac Rinaldo,C,28.3,70,192,0.0,0.0,0.0,0.0,0.0,0.0,0.0,0.0,0.0,0.0,0.0,0.0,0.0
877,Zach Aston-Reese,C,24.1,73,205,0.0,0.0,0.0,0.0,0.0,0.0,0.0,0.0,0.0,0.0,0.0,0.0,0.0
878,Zach Bogosian,D,28.2,74,222,0.0,0.0,0.0,0.0,0.0,0.0,0.0,0.0,0.0,0.0,0.0,,0.0
879,Zach Hyman,L,26.3,73,211,0.0,0.0,0.0,0.0,0.0,0.0,0.0,0.0,0.0,0.0,0.0,0.0,0.0
880,Zach Parise,L,34.2,71,195,0.0,0.0,0.0,0.0,0.0,0.0,0.0,0.0,0.0,0.0,0.0,0.0,0.0
881,Zach Redmond,D,30.2,74,212,0.0,0.0,0.0,0.0,0.0,0.0,0.0,0.0,0.0,0.0,0.0,,0.0
882,Zach Trotman,D,28.1,75,217,0.0,0.0,0.0,0.0,0.0,0.0,,0.0,0.0,,0.0,,
883,Zach Werenski,D,21.2,74,213,0.0,0.0,0.0,0.0,0.0,0.0,0.0,0.0,0.0,0.0,0.0,,0.0
884,Zach Whitecloud,D,21.8,74,207,0.0,0.0,0.0,0.0,0.0,,,0.0,,,0.0,,
885,Zack Kassian,R,27.7,75,211,0.0,0.0,0.0,0.0,0.0,0.0,0.0,0.0,0.0,0.0,0.0,0.0,0.0
886,Zack Mitchell,R,25.7,73,188,0.0,0.0,0.0,0.0,0.0,0.0,0.0,0.0,0.0,0.0,0.0,0.0,0.0
887,Zack Smith,C,30.5,74,208,0.0,0.0,0.0,0.0,0.0,0.0,0.0,0.0,0.0,0.0,0.0,0.0,0.0
888,Zdeno Chara,D,41.5,81,250,0.0,0.0,0.0,0.0,0.0,0.0,0.0,0.0,0.0,0.0,0.0,,0.0
889,Zemgus Girgensons,L,24.7,74,200,0.0,0.0,0.0,0.0,0.0,0.0,0.0,0.0,0.0,0.0,0.0,0.0,0.0
