,Player,Position,Team,Age,Games,Average TOI,Goals,Primary Assists,Secondary Assists,Total Assists,Points
1,Connor McDavid,C,EDM,26.7,76,22.1,53,59,33,92,145
2,Leon Draisaitl,C/LW,EDM,27.9,75,21.1,50,51,29,80,130
3,Nathan MacKinnon,C,COL,28.1,75,21.4,42,55,32,87,129
4,Auston Matthews,C,TOR,26,80,19.9,58,33,26,59,117
5,Mitchell Marner,RW,TOR,26.4,78,21.5,33,53,30,83,116
6,Matthew Tkachuk,LW/RW,FLA,25.8,78,20.0,40,46,29,75,115
7,David Pastrnak,RW,BOS,27.4,74,19.4,54,34,24,58,112
8,Jason Robertson,LW,DAL,24.2,80,19.1,46,37,25,62,109
9,Aleksander Barkov,C,FLA,28.1,73,21.0,35,39,28,67,102
10,Mikko Rantanen,RW,COL,26.9,71,20.9,45,32,23,55,100
11,Artemi Panarin,LW,NYR,31.9,74,19.4,27,42,30,72,99
12,Nikita Kucherov,RW,TB,30.3,67,19.6,31,40,26,66,97
13,Elias Pettersson,C,VAN,24.9,78,20.1,38,31,24,56,94
14,Brayden Point,C,TB,27.6,75,19.6,43,27,24,51,94
15,William Nylander,RW,TOR,27.4,80,17.9,39,29,24,53,92
16,Kyle Connor,LW,WPG,26.8,75,20.1,40,28,23,51,90
17,Sidney Crosby,C,PIT,36.2,74,19.5,29,36,25,61,90
18,Kirill Kaprizov,LW,MIN,26.4,75,19.6,43,27,19,46,90
19,Brady Tkachuk,LW,OTT,24,75,19.1,36,30,21,51,87
20,Johnny Gaudreau,LW,CBJ,30.1,73,19.1,27,35,24,59,86
21,J.T. Miller,C/RW,VAN,30.6,81,20.4,29,31,26,57,86
22,Jonathan Huberdeau,LW,CGY,30.3,78,17.1,24,35,26,61,85
23,Mika Zibanejad,C,NYR,30.5,74,19.3,35,30,20,50,84
24,Clayton Keller,LW/RW,ARI,25.2,76,19.9,35,29,20,48,84
25,Jake Guentzel,LW,PIT,29,68,20.3,35,29,20,49,84
26,Andrei Svechnikov,LW/RW,CAR,23.5,77,18.4,33,28,22,51,83
27,Alex Ovechkin,LW,WSH,38,72,19.6,46,21,17,38,83
28,Steven Stamkos,C/LW,TB,33.6,71,18.1,34,29,21,50,83
29,Pavel Buchnevich,C/LW,STL,28.5,74,19.1,32,30,20,51,83
30,Mark Scheifele,C,WPG,30.5,77,19.5,38,23,21,44,82
31,Jordan Kyrou,C/RW,STL,25.4,81,17.9,37,29,17,45,82
32,Kevin Fiala,LW,LA,27.2,76,17.5,30,31,20,51,82
33,Nico Hischier,C,NJ,24.7,78,19.4,31,31,19,50,81
34,Brad Marchand,LW,BOS,35.4,75,17.9,26,34,21,55,81
35,Timo Meier,LW/RW,NJ,27,79,19.3,36,23,20,43,79
36,Patrick Kane,RW,NYR,34.9,77,19.7,25,32,22,54,79
37,Sam Reinhart,C/RW,FLA,27.9,80,19.8,34,24,21,45,79
38,Tage Thompson,C,BUF,25.9,73,18.1,40,23,15,39,79
39,Jack Hughes,C/LW,NJ,22.4,68,19.1,34,26,18,44,78
40,Robert Thomas,C,STL,24.2,72,18.9,19,34,24,58,77
41,Dylan Larkin,C,DET,27.2,76,19.5,29,27,21,48,76
42,Brock Nelson,C,NYI,32,77,17.7,37,21,18,39,76
43,Zach Hyman,LW/RW,EDM,31.3,73,19.6,30,25,21,46,76
44,Roope Hintz,C,DAL,26.9,68,18.0,32,26,17,44,75
45,Pierre-Luc Dubois,C/LW,LA,25.3,78,18.7,30,24,21,45,75
46,Alex Tuch,RW,BUF,27.4,71,19.1,33,25,17,43,75
47,John Tavares,C,TOR,33,77,17.2,28,25,22,46,75
48,Martin Necas,C/RW,CAR,24.7,79,18.0,26,27,21,48,75
49,Bo Horvat,C,NYI,28.5,78,20.0,34,23,17,40,74
50,Jesper Bratt,LW/RW,NJ,25.2,74,17.9,27,27,19,46,74
51,Mathew Barzal,C/RW,NYI,26.4,72,18.9,21,30,22,52,73
52,Alex DeBrincat,LW/RW,DET,25.8,74,18.4,33,22,17,40,72
53,Ryan Nugent-Hopkins,C/LW,EDM,30.5,73,19.5,25,24,23,47,72
54,Tyler Toffoli,RW,NJ,31.4,80,16.6,34,19,19,38,72
55,Anze Kopitar,C,LA,36.1,78,20.0,23,27,22,49,72
56,Claude Giroux,C/RW,OTT,35.7,79,18.0,30,23,19,42,72
57,Trevor Zegras,C,ANA,22.5,79,19.2,25,28,19,47,71
58,Matt Boldy,LW/RW,MIN,22.5,71,18.6,31,21,18,39,70
59,Jared McCann,LW,SEA,27.3,74,16.7,35,20,15,35,70
60,Elias Lindholm,C,CGY,28.8,76,18.5,27,24,20,43,70
61,Victor Hedman,D,TB,32.8,76,24.9,13,32,25,57,69
62,Nick Schmaltz,C/RW,ARI,27.6,71,18.9,22,26,20,46,68
63,Patrik Laine,LW/RW,CBJ,25.5,66,19.6,29,22,18,40,68
64,Jeff Skinner,LW,BUF,31.4,77,16.9,29,23,17,39,68
65,Adam Fox,D,NYR,25.6,75,24.3,12,30,26,56,68
66,Brandon Hagel,LW,TB,25.1,80,18.5,32,20,15,36,67
67,Joel Eriksson Ek,C,MIN,26.7,77,19.5,25,22,20,43,67
68,Nick Suzuki,C,MTL,24.1,77,19.9,23,24,20,44,67
69,Tomas Hertl,C,SJ,29.9,71,18.9,26,22,19,41,67
70,Drake Batherson,RW,OTT,25.4,75,18.4,25,25,17,42,67
71,Vincent Trocheck,C,NYR,30.2,77,17.9,22,27,18,45,66
72,Brock Boeser,RW,VAN,26.6,75,17.4,25,22,19,41,66
73,Roman Josi,D,NSH,33.3,73,24.7,16,28,23,50,66
74,Chandler Stephenson,C,VGK,29.4,79,18.8,20,25,22,46,66
75,Valeri Nichushkin,LW/RW,COL,28.6,71,19.0,24,22,20,42,66
76,Brayden Schenn,C/LW,STL,32.1,76,17.9,23,23,19,43,65
77,Chris Kreider,LW,NYR,32.4,77,17.2,37,14,14,28,65
78,Jonathan Marchessault,RW,VGK,32.8,78,16.7,27,22,16,38,65
79,Travis Konecny,RW,PHI,26.6,65,19.9,27,22,15,38,65
80,Joe Pavelski,C/RW,DAL,39.2,78,16.7,22,23,19,42,64
81,Erik Karlsson,D,PIT,33.3,65,23.8,14,27,23,50,64
82,Matty Beniers,C,SEA,20.9,78,18.4,26,22,15,37,63
83,Dougie Hamilton,D,NJ,30.3,68,23.4,16,25,23,47,63
84,Dylan Cozens,C,BUF,22.6,77,17.2,27,21,14,35,62
85,Adrian Kempe,C/RW,LA,27,75,18.9,32,16,14,30,62
86,Evgeni Malkin,C,PIT,37.2,63,16.6,20,23,18,42,62
87,Nikolaj Ehlers,LW,WPG,27.6,58,16.1,24,22,15,37,62
88,Troy Terry,RW,ANA,26.1,68,18.9,24,22,15,37,61
89,Dawson Mercer,C/RW,NJ,21.9,80,17.5,26,23,12,35,61
90,Rickard Rakell,RW,PIT,30.4,78,17.9,25,18,18,36,61
91,David Perron,LW/RW,DET,35.3,78,16.0,25,19,16,35,60
92,Andrew Mangiapane,LW/RW,CGY,27.5,78,16.8,27,19,14,33,60
93,Andre Burakovsky,LW/RW,SEA,28.6,67,16.8,22,22,17,39,60
94,Filip Forsberg,LW,NSH,29.1,62,17.1,27,19,15,33,60
95,Miro Heiskanen,D,DAL,24.2,76,25.3,12,26,22,49,60
96,Michael Bunting,LW,CAR,28,75,15.7,23,22,14,36,59
97,Carter Verhaeghe,C/LW,FLA,28.1,71,15.1,30,15,14,29,59
98,Mats Zuccarello,RW,MIN,36.1,68,17.4,18,25,16,41,58
99,Logan Couture,C,SJ,34.5,75,17.9,25,18,15,34,58
100,Vladimir Tarasenko,RW,OTT,31.8,69,16.8,24,18,16,34,58
101,Andrei Kuzmenko,LW,VAN,27.7,77,16.1,26,17,15,32,58
102,Max Domi,C/LW,TOR,28.6,77,17.2,18,24,15,39,57
103,Pavel Zacha,C,BOS,26.5,78,16.9,21,19,17,36,57
104,Nazem Kadri,C,CGY,33,70,17.0,20,22,16,37,57
105,J.T. Compher,LW/RW,DET,28.5,78,19.3,21,19,17,36,57
106,Jamie Benn,LW,DAL,34.2,78,14.8,22,18,17,35,57
107,Mikhail Sergachev,D,TB,25.3,79,24.3,9,26,22,47,57
108,Patrice Bergeron,C,-,38.2,78,15.3,23,16,17,33,56
109,Matt Duchene,C/RW,DAL,32.7,69,17.3,22,19,15,34,56
110,Alex Killorn,LW/RW,ANA,34,79,16.3,24,18,15,33,56
111,Anders Lee,LW,NYI,33.2,78,16.9,30,14,12,26,56
112,Artturi Lehkonen,LW,COL,28.2,72,19.0,23,17,16,33,56
113,Seth Jarvis,C/RW,CAR,21.7,76,16.7,21,22,14,35,56
114,Jordan Eberle,RW,SEA,33.4,77,16.3,22,20,14,34,56
115,Phillip Danault,C,LA,30.6,78,18.0,19,19,17,37,56
116,Evgeny Kuznetsov,C,WSH,31.4,68,17.6,14,24,17,41,55
117,Josh Morrissey,D,WPG,28.5,71,23.6,13,23,19,42,55
118,Bryan Rust,RW,PIT,31.4,71,17.9,24,16,15,31,55
119,Tim Stutzle,C/LW,OTT,21.7,70,21.0,21,20,14,34,55
120,Lucas Raymond,LW/RW,DET,21.5,76,18.1,21,18,15,33,55
121,Kevin Hayes,C,STL,31.4,74,17.3,18,22,14,37,55
122,Cale Makar,D,COL,24.9,56,25.2,13,23,18,41,54
123,Ryan Strome,LW/RW,ANA,30.2,77,16.7,18,18,17,36,54
124,William Karlsson,C,VGK,30.7,78,17.3,16,20,18,38,54
125,Nino Niederreiter,RW,WPG,31.1,79,15.7,27,13,13,26,53
126,Quinn Hughes,D,VAN,24,71,23.9,7,25,21,46,53
127,Andrew Copp,C,DET,29.2,78,17.9,16,22,14,37,52
128,Sam Bennett,C,FLA,27.3,66,17.8,22,17,14,31,52
129,Jack Eichel,C,VGK,26.9,57,18.4,21,17,14,31,52
130,Jack Roslovic,C,CBJ,26.7,74,17.1,17,19,15,34,51
131,Conor Garland,RW,VAN,27.6,74,15.7,19,18,14,32,51
132,Charlie McAvoy,D,BOS,25.8,69,23.5,9,23,19,42,51
133,Mikael Backlund,C,CGY,34.5,80,17.2,15,20,16,36,51
134,Noah Cates,C/LW,PHI,24.7,78,18.0,20,16,14,30,51
135,Rasmus Andersson,D,CGY,26.9,80,24.4,9,22,19,41,50
136,Joel Farabee,LW,PHI,23.6,71,17.4,21,15,14,30,50
137,Jean-Gabriel Pageau,C,NYI,30.9,77,17.2,19,17,14,31,50
138,Dominik Kubalik,LW,OTT,28.1,79,15.3,22,15,13,28,50
139,Blake Wheeler,RW,NYR,37.1,59,16.9,13,21,15,36,50
140,Rasmus Dahlin,D,BUF,23.5,69,24.6,10,23,17,39,49
141,Brent Burns,D,CAR,38.6,76,22.5,12,20,18,38,49
142,Jake DeBrusk,LW/RW,BOS,27,61,17.0,24,14,11,25,49
143,Shea Theodore,D,VGK,28.2,69,21.7,10,20,19,39,49
144,Oliver Bjorkstrand,RW,SEA,28.5,66,16.2,21,16,12,28,49
145,Frank Vatrano,C/LW,ANA,29.6,79,16.0,23,14,12,26,49
146,Kris Letang,D,PIT,36.4,69,23.2,9,21,19,40,49
147,Dylan Strome,C,WSH,26.6,61,17.1,19,15,14,29,49
148,Vince Dunn,D,SEA,26.9,74,22.8,13,18,18,36,49
149,Ivan Barbashev,C/LW,VGK,27.8,70,17.4,19,16,14,30,49
150,Anthony Beauvillier,LW/RW,VAN,26.3,76,16.7,20,16,13,28,49
151,Brandon Saad,LW,STL,30.9,70,16.8,23,14,11,25,48
152,Mikael Granlund,C/RW,SJ,31.6,76,17.9,14,18,15,34,48
153,Devon Toews,D,COL,29.6,77,23.9,10,17,21,38,48
154,Owen Tippett,RW,PHI,24.6,69,17.4,22,15,10,26,48
155,Casey Mittelstadt,C,BUF,24.9,69,15.9,14,19,14,33,47
156,Kent Johnson,C/LW,CBJ,21,78,16.3,18,17,12,30,47
157,Mason McTavish,C/LW,ANA,20.7,74,17.1,17,18,12,30,47
158,Cole Caufield,LW/RW,MTL,22.7,56,17.8,28,10,9,19,47
159,Tomas Tatar,LW/RW,COL,32.8,75,14.0,19,14,14,28,47
160,Thomas Chabot,D,OTT,26.7,68,24.3,10,19,18,37,47
161,Lawson Crouse,LW/RW,ARI,26.3,74,18.0,22,14,10,24,46
162,Barrett Hayton,C,ARI,23.3,75,18.0,19,15,11,27,46
163,Ryan O'Reilly,C,NSH,32.6,66,17.4,19,15,12,27,46
164,Taylor Hall,LW,CHI,31.9,70,15.4,17,17,12,29,46
165,Taylor Raddysh,RW,CHI,25.6,79,16.8,20,14,11,25,46
166,Jaden Schwartz,C/LW,SEA,31.3,72,17.0,19,15,12,27,46
167,Anton Lundell,C,FLA,22,71,16.8,17,17,12,28,46
168,Wyatt Johnston,C,DAL,20.4,74,17.1,22,14,10,24,46
169,Reilly Smith,LW/RW,PIT,32.5,66,16.3,18,15,12,28,45
170,Brandon Montour,D,FLA,29.5,73,20.7,11,17,17,34,45
171,Tyler Seguin,C/RW,DAL,31.7,74,16.1,19,14,12,26,45
172,Boone Jenner,C/LW,CBJ,30.3,60,19.1,21,13,11,24,45
173,Shane Pinto,C,OTT,22.9,77,16.3,19,14,12,26,45
174,Yanni Gourde,C,SEA,31.8,76,16.5,16,16,12,28,45
175,Victor Olofsson,LW/RW,BUF,28.2,69,14.7,22,13,10,22,44
176,Daniel Sprong,RW,DET,26.5,68,12.2,21,15,8,23,44
177,Kailer Yamamoto,RW,SEA,25,68,17.7,19,14,12,25,44
178,Justin Faulk,D,STL,31.5,79,22.0,11,16,17,33,44
179,Tyson Barrie,D,NSH,32.2,73,19.6,10,17,16,34,44
180,T.J. Oshie,RW,WSH,36.8,65,15.9,20,12,12,24,44
181,Viktor Arvidsson,LW/RW,LA,30.5,61,16.7,17,16,11,27,44
182,Alex Pietrangelo,D,VGK,33.7,71,23.1,11,15,17,32,44
183,Moritz Seider,D,DET,22.5,78,24.2,8,19,17,36,43
184,Shayne Gostisbehere,D,DET,30.4,76,21.2,12,16,15,31,43
185,Morgan Frost,C,PHI,24.4,69,16.6,17,14,12,26,43
186,Matias Maccelli,LW,ARI,23,65,15.7,13,18,12,31,43
187,Alex Iafallo,LW,WPG,29.8,69,16.2,15,15,13,28,43
188,Jason Zucker,LW,ARI,31.7,66,15.2,21,12,10,22,43
189,Alex Wennberg,C,SEA,29,77,18.3,16,15,12,27,43
190,Jack Quinn,RW,BUF,22,76,15.0,17,15,11,26,42
191,Jesperi Kotkaniemi,C,CAR,23.2,72,15.5,16,13,13,26,42
192,Jakob Chychrun,D,OTT,25.5,61,23.4,12,15,16,31,42
193,Tyler Bertuzzi,LW,TOR,28.6,57,16.8,16,15,11,26,42
194,Mason Marchment,LW,DAL,28.3,68,15.3,16,15,11,26,42
195,Noah Dobson,D,NYI,23.7,67,19.8,10,18,14,32,41
196,Filip Hronek,D,VAN,25.9,74,22.4,8,15,18,33,41
197,Morgan Rielly,D,TOR,29.6,65,22.1,6,19,16,35,41
198,John Carlson,D,WSH,33.7,53,22.2,9,17,14,32,41
199,Kirby Dach,C,MTL,22.7,64,19.2,15,15,11,26,41
200,Noah Hanifin,D,CGY,26.7,78,22.6,8,16,16,32,41
201,Evan Bouchard,D,EDM,23.9,75,18.9,10,14,16,30,41
202,Josh Norris,C,OTT,24.4,55,18.4,21,10,10,20,41
203,Alexander Barabanov,LW/RW,SJ,29.3,59,17.2,13,16,12,28,40
204,Ryan Hartman,C/RW,MIN,29,63,16.3,16,14,10,25,40
205,Ilya Mikheyev,LW/RW,VAN,29,61,16.4,19,13,9,22,40
206,Kyle Palmieri,RW,NYI,32.7,64,16.3,18,13,10,22,40
207,Hampus Lindholm,D,BOS,29.7,75,22.4,9,17,15,32,40
208,Jake Sanderson,D,OTT,21.2,78,22.8,9,15,17,32,40
209,Yegor Sharangovich,C/LW,CGY,25.3,79,14.7,19,13,9,22,40
210,Blake Coleman,C/RW,CGY,31.8,78,15.1,18,13,9,22,40
211,Tyler Johnson,C,CHI,33.2,66,15.8,17,13,10,23,40
212,Aaron Ekblad,D,FLA,27.6,59,23.7,11,15,14,29,40
213,Scott Laughton,C,PHI,29.3,72,17.4,16,12,12,24,40
214,Anthony Cirelli,C,TB,26.2,71,16.3,15,14,11,25,40
215,Neal Pionk,D,WPG,28.2,79,21.6,8,16,16,32,40
216,Trevor Moore,LW,LA,28.5,62,17.1,14,15,10,26,40
217,Seth Jones,D,CHI,29,69,24.0,9,15,15,30,40
218,Mark Stone,RW,VGK,31.4,43,18.8,16,14,10,24,40
219,Christian Dvorak,C,MTL,27.7,68,17.1,15,13,12,25,40
220,Evander Kane,LW,EDM,32.2,51,17.5,20,10,9,19,40
221,Darnell Nurse,D,EDM,28.7,78,22.2,10,14,15,29,39
222,Cam Fowler,D,ANA,31.8,75,23.5,9,15,15,30,39
223,Gustav Forsling,D,FLA,27.3,70,22.6,12,14,13,27,39
224,Mike Matheson,D,MTL,29.6,63,22.2,10,15,13,28,39
225,Filip Chytil,C,NYR,24.1,56,15.6,16,14,8,22,39
226,Gabriel Vilardi,C,WPG,24.1,55,15.8,19,11,8,20,39
227,Conor Sheary,LW,TB,31.3,75,14.8,16,13,9,22,38
228,Ondrej Palat,LW,NJ,32.5,62,15.3,14,14,11,24,38
229,Andreas Athanasiou,C,CHI,29.2,73,15.8,17,12,9,21,38
230,Evgenii Dadonov,RW,DAL,34.6,77,13.7,14,13,11,24,38
231,Erik Haula,LW,NJ,32.5,69,15.9,14,14,10,24,38
232,Alex Newhook,C,MTL,22.7,76,14.2,16,13,10,22,38
233,Evan Rodrigues,C/LW,FLA,30.2,63,16.2,15,12,11,23,38
234,Eeli Tolvanen,LW/RW,SEA,24.4,73,14.6,19,11,8,19,38
235,Thomas Novak,C,NSH,26.4,52,15.0,13,14,11,25,38
236,JJ Peterka,RW,BUF,21.7,75,14.4,14,15,9,24,38
237,Dillon Dube,C/LW,CGY,25.2,66,14.8,16,12,10,22,38
238,Samuel Girard,D,COL,25.4,74,21.6,7,15,15,30,37
239,Dmitry Orlov,D,CAR,32.2,75,21.2,9,14,14,28,37
240,Tony DeAngelo,D,CAR,27.9,57,21.5,9,15,12,27,37
241,Teuvo Teravainen,LW/RW,CAR,29.1,54,16.5,11,16,10,26,37
242,Gustav Nyquist,LW,NSH,34.1,65,16.1,12,14,11,24,37
243,Frederick Gaudreau,C,MIN,30.4,78,15.2,14,12,10,23,36
244,Charlie Coyle,C,BOS,31.6,79,15.7,14,12,10,22,36
245,Ross Colton,C/LW,COL,27.1,70,12.2,19,11,6,17,36
246,Damon Severson,D,CBJ,29.2,79,20.1,7,14,14,29,36
247,James van Riemsdyk,LW,BOS,34.4,67,13.7,14,12,10,22,36
248,Nicolas Roy,C/RW,VGK,26.7,59,17.0,14,12,9,21,35
249,Kaapo Kakko,RW,NYR,22.6,67,15.2,15,12,9,20,35
250,Cody Glass,C,NSH,24.5,64,14.7,13,12,10,22,35
251,Tom Wilson,RW,WSH,29.5,51,17.6,17,11,8,18,35
252,David Krejci,C,-,37.4,54,15.5,11,14,10,24,35
253,Arthur Kaliyev,RW,LA,22.3,61,12.9,14,12,9,21,35
254,Alexander Kerfoot,C/LW,ARI,29.1,77,14.1,11,13,10,23,34
255,Jaccob Slavin,D,CAR,29.4,80,21.9,7,13,15,27,34
256,Nicholas Paul,C/LW,TB,28.5,76,15.7,15,11,9,19,34
257,Warren Foegele,LW,EDM,27.5,72,13.0,14,12,8,20,34
258,Philipp Kurashev,C,CHI,24,73,16.9,13,12,9,21,34
259,Sean Durzi,D,ARI,24.9,69,20.0,8,13,13,26,34
260,Drew Doughty,D,LA,33.8,62,24.4,8,11,14,26,34
261,John Klingberg,D,TOR,31.1,59,20.6,7,14,12,26,34
262,Jared Spurgeon,D,MIN,33.8,70,20.8,10,11,13,23,34
263,Ryan Johansen,C,COL,31.2,55,15.2,13,11,10,21,33
264,Michael Rasmussen,C/LW,DET,24.5,67,15.3,14,12,7,19,33
265,Eetu Luostarinen,C/LW,FLA,25.1,78,16.2,13,11,9,20,33
266,Jordan Staal,C,CAR,35.1,79,14.6,14,9,10,19,33
267,Brady Skjei,D,CAR,29.5,80,21.0,11,9,13,22,33
268,Owen Power,D,BUF,20.9,69,22.3,8,12,13,25,33
269,Zach Werenski,D,CBJ,26.2,47,24.6,11,13,9,22,33
270,Phil Kessel,RW,VGK,36,75,11.9,12,11,10,21,33
271,Ryan McLeod,C,EDM,24,70,14.5,13,12,7,19,33
272,Travis Boyd,C,ARI,30,67,15.8,14,11,8,19,33
273,Brett Pesce,D,CAR,28.9,77,21.4,6,14,13,26,33
274,Mike Hoffman,LW,SJ,33.9,57,14.8,14,10,9,18,32
275,Erik Gustafsson,D,NYR,31.5,66,18.5,7,13,12,25,32
276,MacKenzie Weegar,D,CGY,29.7,70,20.8,6,12,14,26,32
277,Adam Henrique,C/LW,ANA,33.6,46,17.1,16,9,8,16,32
278,Mattias Ekholm,D,EDM,33.4,76,20.7,9,12,11,23,32
279,K'Andre Miller,D,NYR,23.7,76,21.8,9,11,12,23,32
280,J.J. Moser,D,ARI,23.3,72,20.8,7,13,12,25,32
281,Rasmus Sandin,D,WSH,23.6,69,19.7,8,12,12,24,32
282,Josh Anderson,RW,MTL,29.4,55,17.2,18,8,6,14,31
283,Ryan Graves,D,PIT,28.4,77,19.3,8,10,13,23,31
284,Kasperi Kapanen,RW,STL,27.2,51,14.4,11,12,8,20,31
285,Barclay Goodrow,C,NYR,30.6,78,13.9,11,11,9,20,31
286,Stefan Noesen,LW/RW,CAR,30.6,65,12.0,11,11,9,19,31
287,Ivan Provorov,D,CBJ,26.7,80,22.8,8,11,12,22,30
288,Adam Lowry,C,WPG,30.5,69,14.9,11,9,10,19,30
289,Marcus Johansson,LW,MIN,33,59,15.4,11,11,9,19,30
290,Nick Ritchie,LW,CGY,27.8,64,13.0,14,9,8,16,30
291,Calle Jarnkrok,C/LW,TOR,32,62,13.8,14,8,8,16,30
292,Pius Suter,C,VAN,27.4,75,13.9,14,10,6,16,30
293,Kirill Marchenko,RW,CBJ,23.2,47,16.8,14,9,7,16,30
294,Jeff Petry,D,DET,35.8,66,20.7,6,11,13,23,30
295,Cole Perfetti,C,WPG,21.7,47,15.5,10,11,8,19,30
296,Philip Tomasino,C,NSH,22.2,49,14.8,11,12,7,19,30
297,Sean Monahan,C,MTL,29,48,16.2,11,11,7,18,30
298,Anthony Duclair,LW,SJ,28.1,50,14.0,12,11,7,18,30
299,Max Comtois,LW,-,24.7,68,13.7,13,10,7,17,29
300,Quinton Byfield,C,LA,21.1,59,14.8,9,12,9,21,29
301,Jacob Trouba,D,NYR,29.6,72,20.4,6,11,12,23,29
302,Kevin Labanc,RW,SJ,27.8,60,13.6,11,11,7,18,29
303,Jesper Fast,RW,CAR,31.8,74,13.9,11,8,9,18,29
304,William Carrier,LW,VGK,28.8,66,12.0,14,10,5,15,29
305,Torey Krug,D,STL,32.5,53,19.1,6,12,11,23,29
306,Tyson Jost,C,BUF,25.6,74,13.8,10,10,9,18,29
307,Adam Boqvist,D,CBJ,23.1,56,19.0,8,11,11,21,29
308,Oskar Sundqvist,C,STL,29.5,65,13.4,11,10,8,18,29
309,Travis Sanheim,D,PHI,27.5,77,20.7,7,11,11,21,29
310,Jesse Puljujarvi,RW,CAR,25.4,72,13.2,12,9,8,16,29
311,Ty Dellandrea,C/RW,DAL,23.2,76,13.7,11,11,7,18,29
312,Jack McBain,C,ARI,23.7,79,13.4,13,9,6,16,28
313,Denis Gurianov,RW,MTL,26.3,63,13.6,11,10,7,17,28
314,Miles Wood,LW,COL,28.1,68,11.4,12,10,6,16,28
315,Vladislav Namestnikov,C/LW,WPG,30.9,71,12.3,11,9,8,16,28
316,Tanner Jeannot,LW/RW,TB,26.3,75,13.9,13,9,7,15,28
317,Matt Grzelcyk,D,BOS,29.7,70,18.4,5,12,11,22,28
318,Sebastian Aho,C,CAR,26.2,72,15.7,9,11,8,19,28
319,Alexis Lafreniere,LW,NYR,22,68,15.7,12,8,8,16,28
320,Robby Fabbri,C,DET,27.7,46,16.4,12,9,7,16,28
321,Juuso Valimaki,D,ARI,25,75,17.7,6,11,11,21,28
322,Michael McLeod,C,NJ,25.7,77,13.7,9,11,8,19,27
323,Ryan Pulock,D,NYI,29,76,20.9,6,11,10,21,27
324,Jake Evans,C,MTL,27.3,70,14.0,7,13,7,20,27
325,Pierre Engvall,LW,NYI,27.3,60,13.0,13,8,6,14,27
326,Nathan Bastian,RW,NJ,25.8,61,12.8,12,8,6,15,27
327,Sonny Milano,LW,WSH,27.4,51,12.9,10,9,8,17,27
328,Brandon Tanev,LW,SEA,31.8,57,13.2,12,9,6,15,27
329,Mason Appleton,C,WPG,27.7,59,15.1,9,10,7,17,27
330,Jeff Carter,C,PIT,38.7,70,12.2,12,8,7,15,26
331,David Kampf,C,TOR,28.7,75,15.1,9,10,8,18,26
332,Yakov Trenin,C/LW,NSH,26.7,76,14.7,13,8,5,13,26
333,Jonathan Drouin,LW,COL,28.5,52,14.4,7,11,8,19,26
334,Nico Sturm,C,SJ,28.4,64,14.1,13,8,6,13,26
335,Zach Parise,LW,NYI,39.2,73,12.7,12,8,6,14,26
336,Josh Bailey,RW,NYI,34,57,13.9,8,10,8,18,26
337,Colton Sissons,C,NSH,29.9,70,14.8,10,8,8,16,26
338,Eric Robinson,LW,CBJ,28.3,64,13.6,11,9,6,15,26
339,Jakub Vrana,LW,STL,27.6,38,14.0,13,8,5,13,26
340,Blake Lizotte,C,LA,25.8,55,14.0,9,10,7,17,26
341,Jonathan Toews,C,CHI,35.4,46,16.2,9,10,7,17,26
342,Marcus Pettersson,D,PIT,27.4,71,18.8,3,12,10,23,26
343,Oliver Ekman-Larsson,D,FLA,32.2,64,19.1,4,12,9,22,25
344,Morgan Geekie,C/RW,BOS,25.2,64,11.6,8,11,7,17,25
345,Keegan Kolesar,RW,VGK,26.5,66,12.0,8,11,6,17,25
346,Colton Parayko,D,STL,30.4,74,21.2,6,8,11,19,25
347,Anthony Mantha,RW,WSH,29,54,13.1,11,8,6,15,25
348,Jason Dickinson,C,CHI,28.2,67,15.8,9,8,7,16,25
349,Nick Leddy,D,STL,32.5,76,20.5,3,12,11,22,25
350,Paul Stastny,C,CAR,37.8,63,11.5,10,8,7,15,25
351,Matt Roy,D,LA,28.6,75,18.4,6,8,10,19,25
352,Nick Bjugstad,C,ARI,31.2,59,14.1,11,8,6,13,25
353,Noah Gregor,C,TOR,25.2,68,12.9,13,7,5,12,25
354,Vladislav Gavrikov,D,LA,27.9,77,21.8,6,9,9,18,25
355,Alexander Romanov,D,NYI,23.7,78,20.8,4,10,11,21,25
356,Rem Pitlick,C,PIT,26.5,58,12.7,9,10,6,16,25
357,Scott Mayfield,D,NYI,31,73,20.8,5,10,10,19,24
358,Matt Dumba,D,ARI,29.2,73,21.3,7,9,9,18,24
359,Jakob Silfverberg,RW,ANA,33,61,14.2,9,9,7,16,24
360,Cole Sillinger,C,CBJ,20.4,67,13.6,10,8,6,14,24
361,Connor Brown,RW,EDM,29.7,52,16.5,9,9,7,15,24
362,Connor Dewar,C,MIN,24.3,77,12.0,9,9,6,15,24
363,Logan O'Connor,RW,COL,27.1,71,14.0,10,9,5,14,24
364,Morgan Barron,C/LW,WPG,24.8,59,13.3,10,8,5,14,24
365,Nick Jensen,D,WSH,33,76,19.7,4,11,10,20,24
366,Nick Bonino,C,NYR,35.4,58,13.4,10,8,6,14,24
367,Adam Pelech,D,NYI,29.1,72,21.2,6,9,10,18,24
368,Jonas Brodin,D,MIN,30.2,70,22.2,5,9,11,19,24
369,Mathieu Joseph,RW,OTT,26.6,64,13.5,8,9,6,15,24
370,Trent Frederic,C/RW,BOS,25.6,61,12.6,13,6,5,11,24
371,Dakota Joshua,C/LW,VAN,27.4,70,12.0,11,7,6,13,24
372,John Marino,D,NJ,26.4,69,20.8,4,11,9,20,24
373,Esa Lindell,D,DAL,29.4,79,19.7,6,9,9,17,24
374,Justin Schultz,D,SEA,33.2,60,16.7,4,10,9,19,23
375,Oliver Wahlstrom,RW,NYI,23.3,51,12.1,10,7,6,13,23
376,Noel Acciari,C/RW,PIT,31.8,64,13.7,12,7,4,11,23
377,Max Pacioretty,LW,WSH,34.9,31,15.5,13,6,4,10,23
378,Peyton Krebs,C,BUF,22.7,53,14.2,8,9,7,15,23
379,Kyle Okposo,RW,BUF,35.5,59,13.5,9,8,6,14,23
380,Mattias Janmark,C,EDM,30.8,60,14.2,8,9,6,15,23
381,Nikita Zadorov,D,CGY,28.5,78,18.3,9,7,8,14,23
382,Christian Fischer,RW,DET,26.5,60,14.5,10,8,5,13,23
383,Jesper Boqvist,C,NJ,24.9,62,12.2,10,6,6,13,23
384,Marcus Foligno,LW/RW,MIN,32.1,47,13.7,9,8,6,14,23
385,Luke Kunin,C,SJ,25.8,51,14.8,9,8,5,13,23
386,Jamie Oleksiak,D,SEA,30.8,72,19.0,6,7,9,16,22
387,Ben Chiarot,D,DET,32.4,70,20.8,6,8,9,16,22
388,Ryan Donato,C,CHI,27.5,52,11.5,11,7,5,12,22
389,Tanner Pearson,LW,MTL,31.1,44,14.7,9,8,5,14,22
390,Cam York,D,PHI,22.7,48,20.5,4,9,9,18,22
391,Sam Gagner,C,WPG,34.1,55,12.5,9,7,6,13,22
392,Jakub Voracek,RW,ARI,34.1,38,15.4,4,10,8,18,22
393,Brendan Gallagher,RW,MTL,31.4,41,13.4,10,7,5,12,22
394,Adam Larsson,D,SEA,30.9,67,22.4,5,8,9,17,22
395,Radek Faksa,C,DAL,29.7,73,13.8,9,7,5,13,22
396,Sam Steel,C,DAL,25.7,50,14.8,8,7,7,14,22
397,Emil Bemstrom,RW,CBJ,24.3,49,12.5,8,8,6,14,22
398,Fabian Zetterlund,LW,SJ,24.1,58,13.4,8,9,5,14,22
399,Jake McCabe,D,TOR,30,72,19.2,3,9,10,18,22
400,Jordan Martinook,LW,CAR,31.2,53,14.3,7,9,6,15,22
401,Matt Nieto,LW,PIT,30.9,66,12.7,9,7,6,12,22
402,Ryan Lomberg,LW,FLA,29.1,72,11.1,11,6,4,11,22
403,Eric Staal,C,FLA,38.9,59,12.2,9,8,5,13,22
404,Jordan Greenway,LW,BUF,26.6,55,13.0,8,8,6,14,22
405,Nils Aman,C,VAN,23.6,67,12.9,9,8,5,13,22
406,Nicolas Hague,D,VGK,24.8,70,17.2,4,9,8,17,21
407,Jimmy Vesey,LW,NYR,30.4,66,13.1,9,6,6,12,21
408,Nick Cousins,C/LW,FLA,30.2,60,10.9,7,8,6,14,21
409,Kevin Shattenkirk,D,BOS,34.7,70,17.3,3,9,9,18,21
410,Jonas Siegenthaler,D,NJ,26.4,76,20.2,3,9,10,18,21
411,Brian Dumoulin,D,SEA,32.1,73,20.2,4,8,10,18,21
412,Oskar Lindblom,LW,SJ,27.1,68,11.4,10,7,5,12,21
413,Danton Heinen,LW,BOS,28.2,51,11.3,9,7,6,13,21
414,Michael Amadio,C,VGK,27.4,53,11.9,11,7,4,11,21
415,Garnet Hathaway,RW,PHI,31.9,66,11.3,10,6,5,11,21
416,Bowen Byram,D,COL,22.3,45,21.2,7,8,7,15,21
417,Erik Brannstrom,D,OTT,24.1,60,17.1,3,8,10,17,21
418,Andreas Johnsson,LW,PIT,28.9,46,12.8,6,8,6,15,21
419,Nate Schmidt,D,WPG,32.2,57,17.4,4,8,8,16,21
420,Jonatan Berggren,LW,DET,23.2,48,13.6,9,7,5,12,21
421,Sam Lafferty,C/RW,VAN,28.6,58,13.7,8,8,6,13,21
422,Teddy Blueger,C,VAN,29.1,53,12.7,7,9,5,14,21
423,Carl Grundstrom,LW/RW,LA,25.8,62,11.4,11,6,3,9,21
424,Casey Cizikas,C,NYI,32.6,66,13.4,9,7,5,12,21
425,Ryan Suter,D,DAL,38.7,72,18.4,3,8,10,17,21
426,Brenden Dillon,D,WPG,32.9,77,18.4,2,9,10,19,21
427,Milan Lucic,LW,BOS,35.3,71,11.0,7,8,6,14,21
428,Isac Lundestrom,C,ANA,23.9,71,13.8,8,7,5,12,20
429,Dylan DeMelo,D,WPG,30.4,72,18.5,3,8,9,17,20
430,Tyler Myers,D,VAN,33.7,74,20.9,3,9,9,18,20
431,Ryan Poehling,C,PHI,24.7,61,11.8,9,8,4,11,20
432,Justin Holl,D,DET,31.7,74,18.9,3,7,11,18,20
433,Ryan Lindgren,D,NYR,25.6,61,19.9,3,10,7,17,20
434,Derick Brassard,C/LW,OTT,36,58,11.1,9,6,5,11,20
435,Nicklas Backstrom,C,WSH,35.9,34,15.2,6,8,6,14,20
436,Calen Addison,D,MIN,23.5,44,18.1,3,8,8,17,20
437,Nicolas Aube-Kubel,RW,WSH,27.4,62,10.9,8,7,5,12,20
438,Derek Grant,C,ANA,33.4,56,13.0,8,7,5,12,20
439,Jake Middleton,D,MIN,27.7,77,18.4,5,7,8,15,20
440,Nils Hoglander,LW,VAN,22.8,46,12.3,9,7,4,11,20
441,Brett Howden,C,VGK,25.5,56,13.1,9,6,5,11,20
442,Craig Smith,C/RW,DAL,34.1,53,10.7,9,6,5,11,20
443,Corey Perry,RW,CHI,38.4,62,10.4,7,7,6,12,20
444,Erik Cernak,D,TB,26.3,67,18.3,3,8,8,16,20
445,Cole Smith,LW,NSH,27.9,57,12.3,7,8,5,12,20
446,Adam Erne,LW,DET,28.4,60,12.7,8,6,6,12,19
447,Ryan McDonagh,D,NSH,34.3,63,20.1,3,8,8,16,19
448,Colin Blackwell,C,CHI,30.5,65,12.2,8,8,4,11,19
449,Mario Ferraro,D,SJ,25,74,20.9,4,6,9,15,19
450,Will Borgen,D,SEA,26.8,74,16.5,4,8,8,16,19
451,Colin Miller,D,NJ,30.9,68,16.6,4,7,8,15,19
452,Sammy Blais,LW,STL,27.3,60,11.5,8,6,5,11,19
453,Ethan Bear,D,CAR,26.3,62,19.1,5,7,7,14,19
454,Brandon Duhaime,LW/RW,MIN,26.4,66,11.5,11,5,3,8,19
455,Rasmus Kupari,C,WPG,23.5,61,11.8,6,8,5,13,19
456,Nic Dowd,C,WSH,33.3,52,12.9,9,6,4,10,19
457,Lars Eller,C,PIT,34.4,51,13.7,7,7,5,12,19
458,Matthew Benning,D,SJS,29.4,71,18.2,2,9,8,17,19
459,Sean Kuraly,C,CBJ,30.7,55,14.4,8,6,5,11,19
460,Lukas Reichel,LW,CHI,21.4,40,15.5,9,6,3,9,19
461,Martin Fehervary,D,WSH,24,62,20.7,6,6,7,13,19
462,Zemgus Girgensons,LW,BUF,29.7,69,12.3,9,5,4,10,19
463,Filip Zadina,RW,SJ,23.8,49,12.7,7,6,5,11,19
464,Alexander Edler,D,LA,37.4,61,16.5,3,8,8,16,19
465,Ian Cole,D,VAN,34.6,67,18.0,3,8,8,16,18
466,Cody Ceci,D,EDM,29.8,70,18.8,3,7,9,16,18
467,Alexandre Carrier,D,NSH,27,59,18.2,4,7,8,15,18
468,Josh Mahura,D,FLA,25.4,70,15.1,4,8,6,14,18
469,Zach Sanford,LW,NSH,28.9,49,13.6,9,6,4,10,18
470,Travis Hamonic,D,OTT,33.1,67,17.6,5,6,7,13,18
471,Boris Katchouk,LW,CHI,25.3,59,12.0,7,7,4,12,18
472,Mark Giordano,D,TOR,40,58,16.6,3,7,8,15,18
473,Brock McGinn,LW,ANA,29.7,55,12.7,9,5,4,10,18
474,Henri Jokiharju,D,BUF,24.3,65,21.7,4,7,8,15,18
475,Juuso Parssinen,C,NSH,22.7,41,14.3,6,7,5,12,18
476,Joel Armia,RW,MTL,30.3,51,13.5,8,6,4,10,18
477,Liam Foudy,C,CBJ,23.7,53,12.9,8,7,3,10,18
478,Jalen Chatfield,D,CAR,27.4,66,15.6,5,6,7,13,18
479,Olli Maatta,D,DET,29.1,70,18.0,3,7,8,15,18
480,Brayden McNabb,D,VGK,32.7,69,19.2,2,7,9,16,18
481,Connor Clifton,D,BUF,28.4,61,18.4,4,6,8,14,18
482,Artem Zub,D,OTT,28,59,19.9,4,6,8,14,18
483,Rasmus Asplund,C,NSH,25.8,62,11.5,6,7,5,12,18
484,Jamie Drysdale,D,ANA,21.5,51,19.1,4,7,7,14,18
485,Caleb Jones,D,CHI,26.3,65,17.8,4,7,7,14,18
486,Luke Hughes,D,NJ,20.1,44,17.7,7,3,8,11,18
487,Paul Cotter,C,VGK,23.9,47,12.8,10,5,3,8,18
488,Steven Lorentz,C,FLA,27.5,61,12.2,9,4,5,9,18
489,Jake Bean,D,CBJ,25.3,48,17.5,4,6,8,14,18
490,TJ Brodie,D,TOR,33.3,64,19.9,3,6,9,15,18
491,Luke Evangelista,RW,NSH,21.6,38,15.6,8,6,3,10,17
492,Jacob Peterson,C,DAL,24.2,43,13.5,6,6,5,11,17
493,Max Jones,LW,ANA,25.6,52,12.4,8,5,4,9,17
494,David Savard,D,MTL,32.9,69,21.1,3,6,9,15,17
495,Derek Ryan,C,EDM,36.8,63,10.8,8,5,4,10,17
496,Tyson Foerster,C,PHI,21.7,40,13.2,8,7,3,10,17
497,Evgeny Svechnikov,LW,SJ,26.9,54,11.0,8,6,3,10,17
498,Johnathan Kovacevic,D,MTL,26.2,74,16.0,5,6,7,13,17
499,Andrew Peeke,D,CBJ,25.5,77,21.3,4,5,7,13,17
500,Joe Veleno,C,DET,23.7,73,12.4,9,5,3,8,17
501,Brandon Carlo,D,BOS,26.8,74,18.1,4,7,6,13,17
502,Rasmus Ristolainen,D,PHI,28.9,64,18.8,3,7,7,14,17
503,Sheldon Dries,C,VAN,29.4,51,11.2,7,5,4,10,17
504,Radko Gudas,D,ANA,33.3,65,16.3,2,7,8,15,17
505,Rafael Harvey-Pinard,LW,MTL,24.7,39,15.9,9,5,3,8,17
506,Zach Whitecloud,D,VGK,26.8,65,16.9,6,5,6,11,17
507,Klim Kostin,C/LW,DET,24.4,49,9.6,8,6,3,9,17
508,Nils Lundkvist,D,DAL,23.2,46,16.8,4,6,6,12,17
509,Troy Stecher,D,ARI,29.5,66,17.2,4,7,6,13,17
510,Ridly Greig,C,OTT,21.1,43,14.2,7,6,3,9,16
511,Pat Maroon,LW,MIN,35.4,63,9.7,5,6,5,11,16
512,Yegor Chinakhov,RW,CBJ,22.7,41,12.8,6,5,5,10,16
513,Jordan Harris,D,MTL,23.2,54,18.6,4,6,7,13,16
514,Dante Fabbro,D,NSH,25.3,64,18.2,3,6,7,13,16
515,Mattias Samuelsson,D,BUF,23.5,58,21.7,3,6,6,13,16
516,Sean Walker,D,PHI,28.9,59,16.0,4,6,6,12,16
517,Anders Bjork,LW,CHI,27.2,42,12.6,6,7,3,10,16
518,Rudolfs Balcers,LW,SJS,26.5,41,12.9,8,5,3,8,16
519,Tyler Motte,LW/RW,TB,28.6,46,12.8,7,5,4,9,16
520,Aliaksei Protas,C,WSH,22.7,45,12.0,6,6,4,10,16
521,Zach Aston-Reese,C/LW,TOR,29.1,58,11.9,8,5,3,8,16
522,Connor Murphy,D,CHI,30.5,61,19.4,4,6,6,12,16
523,Braden Schneider,D,NYR,22,67,16.7,4,6,6,12,16
524,Wade Allison,RW,PHI,26,44,12.8,8,4,3,8,16
525,Pierre-Olivier Joseph,D,PIT,24.3,62,15.2,3,6,6,12,16
526,Jake Walman,D,DET,27.6,53,17.9,7,4,5,9,16
527,Thomas Bordeleau,C,SJ,21.7,44,14.0,5,6,4,10,16
528,Kaiden Guhle,D,MTL,21.7,46,21.4,4,7,5,12,16
529,Vasily Podkolzin,RW,VAN,22.3,48,12.3,7,5,3,9,16
530,Pavel Dorofeyev,LW,VGK,22.9,43,13.8,8,5,3,7,16
531,Vinnie Hinostroza,C,BUF,29.5,41,12.8,5,6,4,10,16
532,Alex Chiasson,RW,DET,33,42,11.0,8,4,4,8,15
533,Mikey Anderson,D,LA,24.4,59,20.6,3,4,8,12,15
534,Jani Hakanpaa,D,DAL,31.5,73,17.8,5,4,6,10,15
535,Timothy Liljegren,D,TOR,24.4,50,17.7,4,6,6,12,15
536,Denis Malgin,C,COL,26.7,44,10.5,8,4,3,7,15
537,Erik Gudbranson,D,CBJ,31.7,65,19.7,3,5,7,13,15
538,Brett Kulak,D,EDM,29.7,67,16.5,3,5,7,13,15
539,Alexey Toropchenko,RW,STL,24.3,48,11.6,7,5,3,8,15
540,Juraj Slafkovsky,LW,MTL,19.5,46,14.6,7,5,4,8,15
541,Andrew Cogliano,C,COL,36.3,71,11.9,6,5,4,9,15
542,Jake Neighbours,LW,STL,21.5,49,13.5,7,5,3,8,15
543,Trevor van Riemsdyk,D,WSH,32.2,57,17.8,4,5,6,12,15
544,Alex Goligoski,D,MIN,38.2,60,17.1,3,6,6,12,15
545,Michael Eyssimont,C,TBL,27.1,39,11.9,6,5,3,9,15
546,Dmitry Kulikov,D,FLA,32.9,60,17.5,3,6,6,12,15
547,Mathieu Olivier,RW,CBJ,26.6,49,11.1,6,5,3,9,15
548,MacKenzie Entwistle,RW,CHI,24.2,64,12.7,7,4,4,8,15
549,Derek Forbort,D,BOS,31.6,65,17.4,3,5,6,11,15
550,Marc-Edouard Vlasic,D,SJ,36.5,65,15.9,2,5,8,13,15
551,Chris Tierney,C,NJ,29.3,48,11.7,5,5,4,9,15
552,Ty Smith,D,PIT,23.5,43,17.6,4,5,5,10,15
553,Nick Foligno,LW,CHI,35.9,39,11.9,5,6,4,10,15
554,Shane Wright,C,SEA,19.7,46,12.0,7,4,4,8,15
555,Matt Martin,LW,NYI,34.4,70,10.2,5,5,4,9,14
556,Brad Hunt,D,COL,35.1,49,14.8,5,5,5,10,14
557,Austin Watson,LW/RW,TB,31.7,60,10.4,7,3,4,7,14
558,Jaycob Megna,D,SEA,30.8,57,18.8,2,6,6,13,14
559,Dylan Guenther,LW,ARI,20.5,35,15.5,5,5,4,9,14
560,Nick Holden,D,OTT,36.4,52,18.5,2,6,6,12,14
561,Elmer Soderblom,LW,DET,22.2,44,12.3,7,4,3,7,14
562,Hudson Fasching,RW,NYI,28.2,40,12.2,7,5,3,7,14
563,William Eklund,C/LW,SJ,21,47,14.4,7,5,3,8,14
564,Nick Perbix,D,TB,25.3,49,14.7,3,6,5,11,14
565,Carson Soucy,D,VAN,29.2,57,15.3,3,5,6,11,14
566,Curtis Lazar,C,NJ,28.7,62,11.8,7,4,3,8,14
567,Brendan Lemieux,LW,CAR,27.5,52,9.5,5,5,3,9,14
568,Mark Kastelic,C,OTT,24.6,56,9.3,8,4,3,6,14
569,Chris Tanev,D,CGY,33.8,50,18.3,2,6,6,12,14
570,Tomas Nosek,LW,NJ,31.1,48,11.9,5,4,4,9,14
571,Joel Edmundson,D,WSH,30.3,59,18.2,3,5,6,11,14
572,Jujhar Khaira,LW,MIN,29.1,43,12.9,6,4,3,8,14
573,Alec Martinez,D,VGK,36.2,53,17.0,3,5,6,11,14
574,Colin White,C,FLA,26.7,47,9.8,6,5,3,8,14
575,Adam Ruzicka,C,CGY,24.4,40,11.4,5,5,3,9,14
576,Nicholas Robertson,LW,TOR,22.1,41,11.8,6,4,4,8,14
577,Karson Kuhlman,C,WPG,28,53,11.5,6,4,4,8,14
578,Jesse Ylonen,RW,MTL,24,36,12.9,5,5,4,8,14
579,Julien Gauthier,RW,NYI,26,52,8.8,7,4,3,6,14
580,Trevor Lewis,C,LA,36.7,61,10.7,5,5,3,9,13
581,Nick Blankenburg,D,CBJ,25.4,44,18.0,4,5,4,10,13
582,Nikita Alexandrov,C,STL,23,38,11.5,6,5,3,7,13
583,Mark Jankowski,C,NSH,29,45,12.3,6,4,3,7,13
584,Michael Pezzetta,LW,MTL,25.6,50,8.9,6,5,2,7,13
585,Justin Danforth,RW,CBJ,30.5,33,12.6,8,4,2,5,13
586,Josh Leivo,LW,STL,30.4,37,11.0,5,5,3,8,13
587,Patric Hornqvist,RW,-,36.7,39,10.4,5,5,3,8,13
588,Josh Archibald,RW,PIT,31,43,10.5,6,4,3,7,13
589,Cole Guttman,C,CHI,24.5,35,12.7,7,4,2,7,13
590,Jon Merrill,D,MIN,31.7,65,15.2,2,5,6,11,13
591,Marc Staal,D,PHI,36.7,64,17.1,2,5,6,11,13
592,Luke Schenn,D,NSH,33.9,43,16.7,3,5,5,10,13
593,Cal Clutterbuck,RW,NYI,35.9,56,12.1,5,4,4,7,13
594,Gavin Bayreuther,D,CBJ,29.4,50,15.6,2,5,6,11,12
595,Josh Manson,D,COL,32,45,17.1,3,5,4,10,12
596,Jake Muzzin,D,TOR,34.6,45,16.6,3,6,4,10,12
597,Zack MacEwen,C,OTT,27.2,64,10.6,5,3,4,7,12
598,Nicolas Deslauriers,LW,PHI,32.6,62,9.8,6,3,4,6,12
599,Patrick Brown,C,BOS,31.3,61,10.9,4,5,3,8,12
600,Tyler Angle,C,CBJ,23,33,11.6,8,3,2,4,12
601,Simon Benoit,D,TOR,25,56,18.1,3,3,6,9,12
602,Damien Giroux,C,MIN,23.6,32,11.0,3,2,7,9,12
603,Drew O'Connor,LW,PIT,25.3,38,9.9,6,4,3,6,12
604,Jordan Oesterle,D,CGY,31.3,50,15.0,2,4,5,10,12
605,Ilya Lyubushkin,D,ANA,29.5,65,15.1,1,4,6,10,12
606,Nick Seeler,D,PHI,30.3,64,14.4,3,4,5,9,12
607,Joel Kiviranta,LW,DAL,27.5,49,11.7,6,3,3,6,12
608,Chris Wideman,D,MTL,33.7,52,15.3,1,5,5,10,12
609,Calle Rosen,D,STL,29.7,36,16.2,3,4,4,8,12
610,Egor Sokolov,LW,OTT,23.3,34,10.2,5,5,1,6,12
611,Sean Farrell,C,MTL,21.9,43,12.1,6,3,2,6,12
612,Mason Shaw,C,MIN,24.9,36,11.8,5,4,3,6,12
613,Danil Gushchin,RW,SJ,21.6,43,13.5,5,4,3,6,12
614,Jansen Harkins,C,PIT,26.4,40,11.0,5,3,3,6,12
615,Jack Drury,C,CAR,23.7,35,11.5,5,4,3,7,11
616,Devin Shore,C,EDM,29.2,48,8.9,3,5,3,8,11
617,Parker Kelly,LW,OTT,24.4,48,11.1,6,3,3,5,11
618,Nikita Zaitsev,D,CHI,31.9,54,16.7,1,5,5,10,11
619,Derek Stepan,C,CAR,33.3,43,9.8,5,3,3,6,11
620,Marco Rossi,C,MIN,22,46,13.0,4,4,3,7,11
621,Brendan Smith,D,NJ,34.6,56,15.3,3,3,5,9,11
622,Tyler Pitlick,C,NYR,31.9,41,10.0,5,4,3,6,11
623,Riley Stillman,D,VAN,25.6,47,15.8,2,4,5,9,11
624,Connor McMichael,C,WSH,22.7,39,11.2,5,4,2,6,11
625,Dylan Holloway,LW,EDM,22,43,10.2,4,4,3,6,11
626,Axel Jonsson-Fjallby,LW,WPG,25.6,35,11.4,5,3,3,6,11
627,Jakob Pelletier,LW,CGY,22.6,36,13.1,5,4,3,6,11
628,Pierre-Edouard Bellemare,LW,SEA,38.6,58,10.0,4,4,3,6,11
629,Phillip Di Giuseppe,LW,VAN,30,34,12.5,5,3,3,6,11
630,Simon Holmstrom,RW,NYI,22.4,40,10.6,5,3,3,6,11
631,Chad Ruhwedel,D,PIT,33.4,53,14.6,1,3,6,9,11
632,Kurtis MacDermid,D,COL,29.5,47,14.5,3,4,4,8,11
633,Michael Carcone,LW,ARI,27.4,31,11.8,5,3,3,6,11
634,Sam Carrick,C,ANA,31.7,51,10.1,5,3,3,6,11
635,Kevin Bahl,D,NJ,23.3,41,15.8,2,4,5,8,11
636,Jaret Anderson-Dolan,C,LA,24.1,38,11.1,5,3,2,5,11
637,Conor Timmins,D,TOR,25,39,14.8,2,4,4,9,11
638,Aleksi Heponiemi,C,FLA,24.7,31,11.7,4,3,3,6,11
639,Niko Mikkola,D,FLA,27.4,58,16.4,3,3,5,8,11
640,Alexander Holtz,RW,NJ,21.7,41,12.5,4,4,2,6,10
641,Cal Foote,D,NJ,24.8,50,15.5,3,3,4,7,10
642,Marco Kasper,C,DET,19.5,40,13.2,4,3,3,6,10
643,Lane Pederson,C,VAN,26.2,39,11.5,5,4,2,6,10
644,Brett Leason,RW,ANA,24.4,40,10.8,5,3,2,5,10
645,Vitali Kravtsov,RW,NYR,23.8,37,12.0,5,3,3,6,10
646,Jakub Lauko,C,BOS,23.5,33,10.6,5,4,2,5,10
647,Jacob MacDonald,D,SJ,30.6,45,13.4,3,3,4,8,10
648,Jordan Spence,D,LA,22.6,45,16.6,2,5,3,9,10
649,Brett Ritchie,RW,CGY,30.3,47,9.7,6,2,2,4,10
650,Matthew Knies,LW,TOR,21,33,12.3,3,5,2,7,10
651,Kiefer Sherwood,LW,NSH,28.5,31,11.3,5,3,2,6,10
652,Jack Studnicka,C,VAN,24.6,37,11.2,4,3,3,6,10
653,Mike Reilly,D,FLA,30.2,43,16.6,2,3,5,9,10
654,Lucas Condotta,C,MTL,26.3,25,10.0,8,1,1,2,10
655,Justin Richards,C,CBJ,25.5,31,10.4,3,2,5,7,10
656,Joey Anderson,RW,TOR,25.3,35,11.3,5,3,2,5,10
657,Nikita Nesterenko,C,ANA,22.1,35,12.3,5,3,2,5,10
658,Walker Duehr,RW,CGY,25.9,31,10.2,5,3,1,5,10
659,Jeremy Lauzon,D,NSH,26.4,46,16.6,2,3,5,8,10
660,Liam O'Brien,C,ARI,29.2,46,11.4,4,4,3,6,10
661,Erik Johnson,D,BUF,35.5,51,15.5,1,4,5,8,10
662,Samuel Fagemo,LW,NSH,23.5,34,10.1,5,3,1,5,10
663,Justin Barron,D,MTL,21.9,39,16.8,2,4,4,8,10
664,Martin Kaut,RW,-,24,39,10.1,4,3,3,6,10
665,Lukas Rousek,RW,BUF,24.4,23,10.6,5,1,3,5,10
666,A.J. Greer,LW,CGY,26.8,36,9.6,4,3,2,5,10
667,Dryden Hunt,LW,CGY,27.9,39,10.7,5,3,2,5,10
668,Calvin de Haan,D,TB,32.4,44,13.8,2,3,4,8,10
669,Logan Brown,C,STL,25.6,39,10.1,4,3,3,6,10
670,Nathan Walker,LW,STL,29.6,45,10.3,3,4,3,6,10
671,Nolan Foote,LW,NJ,22.8,34,10.9,5,3,2,4,10
672,Dylan Gambrell,C,OTT,27.1,41,12.6,4,3,3,6,10
673,Dylan Samberg,D,WPG,24.7,51,15.1,2,3,4,8,10
674,Ben Hutton,D,VGK,30.4,40,14.8,3,3,4,7,10
675,Ryan Reaves,RW,TOR,36.7,48,9.2,3,3,3,6,9
676,Victor Soderstrom,D,ARI,22.6,40,16.0,1,3,5,8,9
677,Saku Maenalanen,RW,WPG,29.3,44,9.8,5,3,2,5,9
678,Hunter McKown,C,CBJ,21.1,32,12.7,3,3,3,6,9
679,Alex Belzile,RW,MTL,32.1,31,10.8,3,3,3,6,9
680,Pontus Holmberg,RW,TOR,24.6,30,10.5,3,4,2,6,9
681,Grigori Denisenko,LW,FLA,23.3,36,10.9,3,4,3,6,9
682,Wyatt Kaiser,D,CHI,21.2,38,17.1,1,3,5,8,9
683,Nick Abruzzese,C,TOR,24.3,27,10.9,2,6,1,7,9
684,Austin Czarnik,C,DET,30.8,41,10.7,4,3,2,5,9
685,Michael McCarron,RW,NSH,28.6,40,10.0,4,3,2,5,9
686,Ondrej Kase,RW,-,27.9,33,12.6,4,3,2,5,9
687,Arber Xhekaj,D,MTL,22.7,37,16.2,2,4,3,7,9
688,Michael Kesselring,D,ARI,23.7,36,16.4,1,5,3,8,9
689,Thomas Harley,D,DAL,22.1,37,15.9,2,4,4,8,9
690,Mikael Pyyhtia,LW,CBJ,21.8,35,13.6,4,3,2,5,9
691,Gustav Lindstrom,D,DET,24.9,40,14.9,1,3,4,8,9
692,Mark Friedman,D,PIT,27.8,33,15.8,3,3,3,6,9
693,Michael Stone,D,CGY,33.3,35,13.9,3,3,3,6,9
694,Kieffer Bellows,LW,NYI,25.3,34,11.1,5,3,2,4,9
695,Jan Rutta,D,SJ,33.2,42,15.9,2,2,5,7,9
696,Reese Johnson,C,CHI,25.2,38,11.1,4,3,2,5,9
697,Aatu Raty,C,VAN,20.9,32,11.2,4,3,2,5,9
698,Marco Scandella,D,STL,33.6,42,16.6,3,3,3,6,9
699,Alex Nylander,LW,PIT,25.6,28,11.6,3,3,3,5,9
700,Oskar Steen,C,BOS,25.6,29,11.1,5,2,1,4,9
701,Vincent Iorio,D,WSH,20.9,34,16.5,1,5,3,8,9
702,Connor Mackey,D,CGY,27.1,36,14.4,3,3,3,6,9
703,Trey Fix-Wolansky,RW,CBJ,24.4,33,12.2,4,3,2,5,9
704,Kyle Burroughs,D,SJ,28.2,46,16.4,2,3,3,7,9
705,Elliot Desnoyers,LW,PHI,21.7,39,12.0,4,3,2,5,8
706,Jack Johnson,D,COL,36.7,68,16.4,2,2,4,7,8
707,Robert Bortuzzo,D,STL,34.5,53,15.2,2,3,3,6,8
708,Zach Bogosian,D,TB,33.2,48,14.5,2,3,4,7,8
709,Patrik Nemeth,D,ARI,31.6,58,16.6,1,3,4,7,8
710,Dysin Mayo,D,VGK,27.1,47,15.4,2,3,3,7,8
711,Simon Edvinsson,D,DET,20.7,41,17.3,4,2,3,5,8
712,Buddy Robinson,RW,CHI,32,36,9.6,3,3,2,5,8
713,Zack Kassian,RW,ARI,32.7,55,9.1,3,3,2,5,8
714,Kristian Reichel,C,WPG,25.3,24,11.3,3,2,4,6,8
715,Nick Cicek,D,SJ,23.3,39,15.4,1,3,4,7,8
716,Pavol Regenda,LW/RW,ANA,23.8,31,10.2,3,3,2,5,8
717,Jayson Megna,C,BOS,33.7,45,9.5,3,3,3,5,8
718,Robert Hagg,D,DET,28.6,38,15.7,2,3,3,6,8
719,Owen Beck,C,MTL,19.7,38,12.4,3,3,2,5,8
720,Urho Vaakanainen,D,ANA,24.7,41,16.6,1,3,4,7,8
721,Kevin Stenlund,C,FLA,27,35,10.8,5,2,2,3,8
722,Logan Stanley,D,WPG,25.4,34,14.9,2,3,3,6,8
723,Kevin Rooney,C/LW,CGY,30.4,35,12.2,3,3,2,5,8
724,Colton White,D,ANA,26.4,38,15.4,1,3,3,7,8
725,Tim Berni,D,CBJ,23.6,44,15.2,2,3,3,6,8
726,Philip Broberg,D,EDM,22.3,38,14.3,1,3,4,7,8
727,Adam Beckman,LW,MIN,22.4,31,12.8,3,3,2,5,8
728,Anton Stralman,D,BOS,37.2,42,17.1,2,3,3,6,8
729,Radim Simek,D,SJ,31,39,14.9,2,3,3,6,8
730,Victor Mete,D,TOR,25.3,35,14.1,1,3,4,7,8
731,Scott Harrington,D,ANA,30.6,38,15.1,2,3,3,6,8
732,Wayne Simmonds,RW,TOR,35.1,35,8.5,3,3,2,5,8
733,Andrew Agozzino,LW,SJ,32.7,32,10.8,2,3,3,6,8
734,Matt Coronato,RW,CGY,20.9,33,12.1,3,3,2,4,8
735,Ian Mitchell,D,BOS,24.7,39,15.6,1,3,4,6,8
736,Marcus Bjork,D,CBJ,25.9,40,17.0,2,3,3,6,8
737,Alex Galchenyuk,C,COL,29.6,30,10.5,3,3,2,5,8
738,Matt Luff,RW,DET,26.4,30,10.0,4,3,1,4,8
739,Robin Salo,D,NYI,25,31,14.8,3,2,3,5,8
740,Kyle Clifford,LW,TOR,32.7,28,9.3,1,1,5,6,8
741,Joseph Cramarossa,C,-,30.9,29,10.3,4,2,1,3,8
742,Mac Hollowell,D,TOR,25,36,14.9,1,3,4,7,8
743,Alex Turcotte,C,LA,22.6,37,10.3,3,3,1,4,8
744,Adam Raska,LW,SJ,22,33,11.5,3,3,2,4,8
745,Samuel Bolduc,D,NYI,22.8,36,16.1,3,2,3,5,8
746,Jordie Benn,D,TOR,36.2,34,15.9,2,3,3,6,8
747,Jonas Rondbjerg,RW,VGK,24.5,35,10.7,3,3,1,5,8
748,Brandt Clarke,D,LA,20.6,36,16.5,1,3,3,6,8
749,John Hayden,C,SEA,28.6,31,9.9,5,1,1,2,8
750,Austin Wagner,LW,CHI,26.3,28,10.3,3,3,1,4,8
751,John Leonard,LW,NSH,25.2,29,11.5,4,2,2,4,8
752,Henry Thrun,D,SJ,22.6,35,16.4,1,3,3,7,8
753,Dylan Coghlan,D,CAR,25.6,35,14.2,1,3,3,6,7
754,Derrick Pouliot,D,DAL,29.7,33,16.0,1,3,3,7,7
755,Ben Meyers,C,COL,24.9,31,10.2,4,2,1,3,7
756,Samuel Walker,C,MIN,24.3,28,10.6,3,3,1,4,7
757,Riley Sheahan,C,-,31.8,36,11.1,3,3,2,5,7
758,Jan Jenik,RW,ARI,23,34,10.6,3,2,2,4,7
759,Jordan Gross,D,NSH,28.4,35,16.0,3,2,3,5,7
760,Tyler Kleven,D,OTT,21.7,33,16.4,1,3,3,6,7
761,Matt Kiersted,D,FLA,25.5,32,14.0,2,3,3,6,7
762,Egor Afanasyev,LW,NSH,22.7,37,10.4,3,2,2,4,7
763,Luke Glendening,C,TB,34.4,48,11.9,3,2,2,4,7
764,Otto Koivula,LW,NYI,25.1,31,9.6,2,2,4,5,7
765,Casey Fitzgerald,D,FLA,26.6,37,14.8,1,3,3,6,7
766,Connor Carrick,D,SEA,29.5,22,15.2,1,5,1,7,7
767,Tanner Laczynski,C,PHI,26.3,34,10.0,3,3,1,4,7
768,Alex Vlasic,D,CHI,22.3,41,16.5,1,3,3,6,7
769,Drew Helleson,D,ANA,22.5,31,15.6,4,1,2,3,7
770,David Gustafsson,C,WPG,23.5,36,9.9,3,3,1,5,7
771,Egor Zamula,D,PHI,23.5,35,14.6,1,3,3,6,7
772,Jean-Luc Foudy,C,COL,21.4,30,12.2,3,2,1,4,7
773,Brendan Gaunce,C/LW,CBJ,29.5,30,9.8,3,3,1,4,7
774,Oskar Olausson,RW,COL,20.9,33,11.5,3,2,2,4,7
775,Tristen Robins,C,SJ,21.9,32,12.2,3,2,1,4,7
776,Matej Blumel,RW,DAL,23.3,31,10.4,4,2,1,3,7
777,Fredrik Olofsson,LW,COL,27.3,29,10.1,3,3,1,4,7
778,Justin Braun,D,-,36.6,53,14.8,1,3,3,6,7
779,Laurent Dauphin,C,-,28.5,29,11.0,3,2,1,4,7
780,Travis Dermott,D,ARI,26.8,39,14.9,3,2,3,4,7
781,Joona Koppanen,LW,PIT,25.6,32,10.3,3,2,3,4,7
782,Jakub Zboril,D,BOS,26.6,33,14.8,1,2,3,5,7
783,Ville Heinola,D,WPG,22.7,32,15.5,1,3,3,6,7
784,Alexander Alexeyev,D,WSH,23.9,38,15.4,1,2,3,6,7
785,Tobias Bjornfot,D,LA,22.5,43,14.7,1,2,4,6,7
786,Jake Christiansen,D,CBJ,24.1,36,15.6,1,2,3,6,7
787,Joel Teasdale,LW,MTL,24.6,24,10.3,2,1,4,5,7
788,Isaak Phillips,D,CHI,22,31,15.0,1,3,3,5,7
789,Kyle Criscuolo,C,NJ,31.4,18,10.5,5,1,1,2,7
790,Jonah Gadjovich,LW,SJ,25,30,9.0,3,2,2,3,7
791,Jesper Froden,RW,-,29,24,10.9,2,3,2,5,7
792,David Jiricek,D,CBJ,19.8,45,16.8,1,2,3,6,7
793,Spencer Stastney,D,NSH,23.7,36,16.2,1,3,3,6,7
794,Sam Poulin,LW,PIT,22.6,35,10.7,3,2,1,4,7
795,Christian Wolanin,D,VAN,28.5,32,15.2,1,3,3,6,7
796,Jarred Tinordi,D,CHI,31.6,34,15.7,1,2,3,5,7
797,Josh Brown,D,ARI,29.7,48,15.1,2,2,3,5,7
798,Carson Meyer,RW,CBJ,26.1,28,10.5,3,3,1,4,7
799,Olle Lycksell,RW,PHI,24.1,28,11.1,3,2,2,4,7
800,Nathan Beaulieu,D,ANA,30.8,37,15.8,1,3,3,6,7
801,Jacob Bryson,D,BUF,25.9,38,16.3,1,3,3,5,7
802,Aidan McDonough,LW,VAN,23.9,30,10.1,4,2,1,3,7
803,Tucker Poolman,D,VAN,30.3,27,15.6,1,4,2,6,7
804,Kaedan Korczak,D,VGK,22.7,33,15.7,1,3,3,5,7
805,Kale Clague,D,BUF,25.3,39,13.8,1,2,3,5,7
806,Tyler Tucker,D,STL,23.6,40,14.5,1,2,3,5,6
807,Benoit-Olivier Groulx,C,ANA,23.6,33,11.4,3,2,1,4,6
808,Haydn Fleury,D,TB,27.2,39,13.6,2,2,3,5,6
809,Semyon Der-Arguchintsev,C,TOR,23,34,10.1,3,2,1,4,6
810,Zac Jones,D,NYR,23,36,15.7,2,2,3,5,6
811,Dominic Toninato,C,WPG,29.6,32,8.8,2,1,3,4,6
812,Filip Roos,D,CHI,24.7,34,15.4,1,2,3,5,6
813,Ben Harpur,D,NYR,28.7,37,14.0,1,2,3,5,6
814,Andreas Englund,D,LA,27.7,36,13.4,1,3,3,5,6
815,Ryan Carpenter,C,NYR,32.7,34,9.6,3,2,2,4,6
816,Jack Rathbone,D,VAN,24.4,32,14.9,2,1,3,4,6
817,Lukas Sedlak,C,-,30.6,24,11.8,3,2,1,3,6
818,Cole McWard,D,VAN,22.3,31,15.3,3,1,2,3,6
819,William Lockwood,RW,FLA,25.3,29,10.9,3,2,2,3,6
820,Stanislav Svozil,D,CBJ,20.7,40,16.9,1,2,3,5,6
821,Milos Kelemen,LW,ARI,24.2,31,9.5,3,2,1,3,6
822,Kyle Capobianco,D,WPG,26.1,31,14.2,3,2,2,3,6
823,Joe Snively,C,WSH,27.7,21,11.3,3,2,1,3,6
824,Darren Helm,C,-,36.7,38,10.0,3,2,1,3,6
825,Jacob Bernard-Docker,D,OTT,23.3,35,14.7,1,2,3,5,6
826,William Dufour,RW,NYI,21.7,36,9.5,3,2,1,3,6
827,Sampo Ranta,LW,COL,23.3,32,10.5,3,2,1,3,6
828,Andy Andreoff,C,NYI,32.4,23,9.6,1,1,3,5,6
829,Marian Studenic,LW,SEA,24.9,27,11.0,3,2,1,3,6
830,Mike Hardman,RW,CHI,24.7,32,10.6,3,2,1,3,6
831,Givani Smith,RW,SJ,25.6,31,8.3,3,2,1,3,6
832,Gabriel Carlsson,D,WSH,26.7,26,14.5,1,2,3,5,6
833,Vladislav Kolyachonok,D,ARI,22.4,40,14.9,1,2,3,5,6
834,Jackson Cates,C/LW,PHI,26,30,10.6,3,2,1,3,6
835,Matt Irwin,D,VAN,35.8,35,13.8,1,2,2,4,6
836,Akito Hirose,D,VAN,24.5,31,16.6,1,1,3,5,6
837,Philippe Myers,D,TB,26.7,25,13.7,2,1,3,4,6
838,Zac Dalpe,C,FLA,33.9,26,9.5,3,2,1,3,6
839,Matthew Highmore,C,STL,27.6,26,12.5,3,2,1,3,6
840,Lias Andersson,C,LA,25,27,11.5,3,2,1,3,6
841,Beck Malenstyn,LW,WSH,25.7,26,10.4,3,2,1,3,6
842,Cole Koepke,LW,TB,25.4,30,9.6,3,2,1,3,6
843,Ronnie Attard,D,PHI,24.5,37,15.6,1,2,3,4,6
844,Mikhail Maltsev,LW,COL,25.6,30,9.9,3,2,1,3,6
845,Filip Hallander,C,PIT,23.3,32,9.9,3,2,1,3,5
846,Arnaud Durandeau,LW,NYI,24.7,26,11.1,3,2,1,3,5
847,Jake Livingstone,D,NSH,24.5,35,14.0,1,1,3,5,5
848,Guillaume Brisebois,D,VAN,26.2,28,15.7,1,2,3,4,5
849,Nathan Smith,C,ARI,25,27,10.5,3,2,1,3,5
850,Will Cuylle,LW,NYR,21.7,33,9.2,3,2,1,3,5
851,Jake Leschyshyn,C,NYR,24.6,30,10.3,3,2,1,3,5
852,Nikita Okhotiuk,D,SJ,22.8,33,14.3,2,1,2,4,5
853,Nic Petan,C,MIN,28.5,21,11.2,2,2,1,3,5
854,William Bitten,C,STL,25.2,24,8.7,1,3,1,4,5
855,Jackson LaCombe,D,ANA,22.7,35,16.2,1,2,3,4,5
856,Brock Faber,D,MIN,21.1,35,16.6,1,2,3,4,5
857,Marc McLaughlin,C,BOS,24.2,28,10.8,3,2,1,3,5
858,Joel Hanley,D,DAL,32.3,34,13.6,1,2,3,5,5
859,Gabriel Fortier,LW,TB,23.6,27,10.4,3,2,1,3,5
860,Anthony Richard,C,MTL,26.8,19,10.3,3,1,1,3,5
861,James Hamblin,LW,EDM,24.4,28,9.7,3,2,1,3,5
862,Tyce Thompson,RW,NJ,24.2,26,11.0,2,2,1,3,5
863,Daniil Miromanov,D,VGK,26.2,28,14.7,1,2,2,4,5
864,Brett Seney,LW,CHI,27.6,25,10.9,3,2,1,3,5
865,Jacob Lucchini,C,MIN,28.4,27,10.9,2,2,1,3,5
866,Cale Fleury,D,SEA,24.9,33,13.8,1,1,3,4,5
867,Chris Wagner,RW,COL,32.3,30,11.2,3,1,1,3,5
868,Samuel Knazko,D,CBJ,21.1,34,16.1,1,2,3,4,5
869,Lassi Thomson,D,OTT,23,38,15.0,1,2,2,4,5
870,Jonathan Gruden,LW,PIT,23.4,27,10.4,2,2,1,3,5
871,Alex Steeves,LW,TOR,23.8,29,9.6,2,2,1,3,5
872,Corey Schueneman,D,COL,28.1,27,15.1,1,1,3,4,5
873,Shane Bowers,C,COL,24.2,30,8.8,2,2,1,3,5
874,Alec Regula,D,CHI,23.2,38,14.9,1,2,2,4,5
875,Darren Raddysh,D,TB,27.6,27,15.3,1,2,2,4,5
876,Jonny Brodzinski,C,NYR,30.3,26,9.9,2,1,1,2,5
877,Brayden Pachal,D,VGK,24.1,30,14.4,1,1,3,4,5
878,Radim Zohorna,LW,TOR,27.4,22,10.1,3,1,1,2,5
879,Matthew Phillips,C,WSH,25.5,23,12.7,2,2,1,3,5
880,Fredrik Karlstrom,C,DAL,25.7,28,9.9,2,2,1,3,5
881,Henrik Borgstrom,C,WSH,26.2,28,10.7,2,1,1,3,5
882,Joona Luoto,LW,CBJ,26,27,9.3,3,1,1,2,5
883,Nikolai Knyzhov,D,SJ,26.5,32,14.9,2,1,2,3,5
884,Vincent Desharnais,D,EDM,27.3,29,14.0,1,2,2,3,4
885,David Gust,RW,CHI,29.6,19,10.6,3,1,1,2,4
886,Drake Caggiula,LW,PIT,29.3,25,10.5,2,2,1,3,4
887,Riley Tufte,LW,COL,25.5,27,9.8,2,1,1,2,4
888,Hugh McGing,LW,STL,25.2,24,10.9,2,1,1,2,4
889,Lucas Carlsson,D,FLA,26.2,29,13.9,1,1,2,3,4
890,Filip Kral,D,TOR,23.9,35,14.5,1,1,2,3,4
891,Sheldon Rempal,RW,VGK,28.2,25,10.8,2,1,1,2,4
892,Steven Fogarty,C,MIN,30.5,26,11.3,2,1,1,3,4
893,Luke Philp,C,CHI,27.9,18,10.0,1,2,1,3,4
894,Nick Swaney,RW,MIN,26.1,24,10.6,2,1,1,2,4
895,Dmitri Samorukov,D,STL,24.3,33,14.4,1,1,2,3,4
896,Ryan Murray,D,EDM,30,23,14.5,1,2,2,3,4
897,Vinni Lettieri,C,BOS,28.6,24,11.5,2,1,1,2,4
898,Adam Ginning,D,PHI,23.7,30,15.8,1,1,2,3,4
899,Frederic Allard,D,-,25.8,32,13.9,1,1,2,3,4
900,Glenn Gawdin,C,ANA,26.5,27,9.8,2,1,1,2,4
901,Parker Wotherspoon,D,NYI,26.1,26,14.1,1,1,2,3,4
902,Rourke Chartier,C,OTT,27.5,24,10.2,2,1,1,2,4
903,Tyler Benson,LW,EDM,25.5,29,9.5,1,1,1,3,4
904,Lucas Johansen,D,WSH,25.9,29,14.5,1,1,2,3,4
905,Charles Hudon,LW,COL,29.3,24,10.3,2,1,1,2,4
906,Brad Malone,C,EDM,34.4,27,9.4,2,1,1,2,4
907,Bobby McMann,C,TOR,27.3,19,10.3,2,1,1,2,4
908,Max Willman,C,PHI,28.6,22,10.3,2,1,1,2,4
909,Lawrence Pilut,D,-,27.8,27,13.9,1,1,2,3,4
910,Josh Dunne,C,CBJ,24.8,23,10.2,2,1,1,2,4
911,Bokondji Imama,LW,ARI,27.2,26,9.3,2,1,1,2,4
912,Maxence Guenette,D,OTT,22.4,28,15.1,1,1,2,3,4
913,Hayden Hodgson,RW,PHI,27.6,21,9.9,1,1,1,2,4
914,Jacob Moverare,D,LA,25.1,30,14.8,1,1,2,3,4
915,Dennis Gilbert,D,CGY,26.9,27,12.6,1,1,2,3,4
916,Matthew Kessel,D,STL,23.3,30,14.7,1,1,2,3,4
917,Byron Froese,C,VGK,32.6,19,10.1,2,1,1,2,4
918,Jacob Larsson,D,OTT,26.4,27,13.0,1,1,1,3,4
919,CJ Suess,LW,WIN,29.5,22,9.8,1,1,1,2,3
920,Justin Kirkland,C,ANA,27.2,22,9.3,1,1,1,2,3
921,Jeffrey Viel,LW,SJ,26.7,22,9.5,2,1,1,2,3
922,Callahan Burke,C,COL,26.5,22,10.0,1,1,1,2,3
923,Steven Santini,D,STL,28.6,20,13.8,0,2,1,3,3
924,Jeremy Davies,D,BUF,26.8,25,14.6,1,1,1,3,3
925,Cole Bardreau,C,NYI,30.2,20,9.7,1,1,1,2,3
926,Libor Hajek,D,NYR,25.7,27,13.6,1,1,1,2,3
927,Nick DeSimone,D,CGY,28.9,28,13.8,1,1,1,3,3
928,Anton Levtchi,LW,-,27.8,20,10.5,1,1,1,2,3
929,Markus Niemelainen,D,EDM,25.3,32,13.6,1,1,1,2,3
930,Jean-Sebastien Dea,C,ARI,29.6,19,10.1,1,1,1,2,3
931,Dakota Mermis,D,MIN,29.7,27,14.3,1,1,1,3,3
932,Ross Johnston,LW,ANA,29.6,23,8.7,1,2,1,2,3
933,Mark Borowiecki,D,-,34.2,26,14.0,1,1,1,2,3
934,Nikita Soshnikov,RW,-,30,19,10.5,1,1,1,2,3
935,Anton Blidh,LW,COL,28.6,23,9.3,1,1,1,2,3
936,Taylor Fedun,D,PIT,35.3,21,13.3,1,1,1,2,3
937,Dennis Cholowski,D,NYI,25.6,24,14.6,1,1,1,2,3
938,Taro Hirose,LW,DET,27.3,19,11.0,1,1,1,2,3
939,Austin Strand,D,ANA,26.6,24,13.8,1,1,1,2,3
940,Maxime Lajoie,D,CAR,25.9,27,12.4,1,1,1,2,3
941,Jason Demers,D,EDM,35.3,24,14.3,1,1,1,2,3
942,Dan Renouf,D,BOS,29.3,23,13.3,1,1,1,2,3
943,Gustav Olofsson,D,SEA,28.8,26,13.3,1,1,1,2,3
944,Noah Juulsen,D,VAN,26.5,23,14.6,1,1,1,2,3
945,Roland McKeown,D,NSH,27.7,24,13.9,1,1,1,2,3
946,Dylan McIlrath,D,WSH,31.4,19,14.1,0,1,2,2,3
947,Billy Sweezey,D,CBJ,27.6,18,15.4,0,1,1,2,3
948,Kevin Gravel,D,NSH,31.6,21,14.6,1,1,1,2,3
949,Alex Barre-Boulet,C,TB,26.4,21,11.2,1,1,1,1,3
950,Dillon Heatherington,D,OTT,28.4,21,13.3,1,1,1,2,2
